date,bk_net_accumulation,bk_net_distribution,bk_accumulation_ratio,bk_big_net,bk_big_buy_flag,bk_concentration,bk_top_buyer_net_share,bk_num_net_buyers,bk_num_net_sellers,bk_dominant_broker_net,bk_big_net_5d,bk_big_net_20d,bk_big_net_60d,bk_accum_trend_20d,bk_distribution_flag
2023-06-08,2650.0,2470.0,0.0287,-30.0,0.0,0.3991,0.2346,5.0,35.0,720.0,-30.0,-30.0,-30.0,0.0287,1.0
2023-06-11,2390.0,2150.0,0.0442,1500.0,1.0,0.717,0.3679,4.0,36.0,-330.0,1470.0,1470.0,1470.0,0.03645,0.0
2023-06-12,10652.0,10152.0,0.021,-1323.0,0.0,0.1523,0.0969,12.0,28.0,-2210.0,147.0,147.0,147.0,0.0313,0.0
2023-06-13,28986.0,30716.0,-0.0128,437.0,1.0,0.07,0.0228,20.0,20.0,2984.0,584.0,584.0,584.0,0.020275,0.0
2023-06-14,15103.0,15033.0,0.0011,-3788.0,0.0,0.0954,0.0526,20.0,20.0,-2451.0,-3204.0,-3204.0,-3204.0,0.016440000000000003,1.0
2023-06-15,14108.0,13438.0,0.0123,-1348.0,0.0,0.1127,0.0515,18.0,21.0,2805.0,-4522.0,-4552.0,-4552.0,0.01575,1.0
2023-06-18,25843.0,26618.0,-0.0083,-10283.0,0.0,0.0698,0.0321,20.0,20.0,-2671.0,-16305.0,-14835.0,-14835.0,0.012314285714285717,1.0
2023-06-19,12239.0,11989.0,0.0072,-3522.0,0.0,0.1201,0.0724,19.0,20.0,-1725.0,-18504.0,-18357.0,-18357.0,0.011675000000000001,1.0
2023-06-20,9342.0,9437.0,-0.0036,-6681.0,0.0,0.1434,0.1055,20.0,20.0,192.0,-25622.0,-25038.0,-25038.0,0.009977777777777778,1.0
2023-06-21,9684.0,9614.0,0.0025,-4819.0,0.0,0.095,0.0647,20.0,20.0,-1045.0,-26653.0,-29857.0,-29857.0,0.00923,1.0
2023-06-22,6523.0,6403.0,0.0063,-1124.0,0.0,0.1379,0.1035,19.0,21.0,223.0,-26429.0,-30981.0,-30981.0,0.008963636363636365,1.0
2023-06-25,12911.0,13641.0,-0.0172,-6212.0,0.0,0.078,0.0476,20.0,20.0,-4802.0,-22358.0,-37193.0,-37193.0,0.006783333333333333,1.0
2023-06-26,8621.0,8451.0,0.0052,-4164.0,0.0,0.0793,0.0366,20.0,20.0,-2958.0,-23000.0,-41357.0,-41357.0,0.006661538461538463,1.0
2023-06-27,6185.0,5745.0,0.0226,-3100.0,0.0,0.1894,0.0844,11.0,28.0,-290.0,-19419.0,-44457.0,-44457.0,0.0078000000000000005,1.0
2023-06-28,6420.0,6190.0,0.0134,-285.0,0.0,0.1525,0.1116,16.0,24.0,-170.0,-14885.0,-44742.0,-44742.0,0.008173333333333333,1.0
2023-07-02,7379.0,7219.0,0.0072,-1265.0,0.0,0.1379,0.0899,18.0,22.0,-1125.0,-15026.0,-46007.0,-46007.0,0.0081125,1.0
2023-07-03,6336.0,6316.0,0.001,-842.0,0.0,0.1128,0.0705,20.0,20.0,54.0,-9656.0,-46849.0,-46849.0,0.0076941176470588235,1.0
2023-07-04,9397.0,9367.0,0.0013,-2366.0,0.0,0.0853,0.0596,20.0,20.0,-327.0,-7858.0,-49215.0,-49215.0,0.007338888888888889,1.0
2023-07-05,13926.0,13866.0,0.0017,-1579.0,0.0,0.1164,0.1054,20.0,20.0,995.0,-6337.0,-50794.0,-50794.0,0.007042105263157895,1.0
2023-07-06,4308.0,4188.0,0.0091,-1180.0,0.0,0.1254,0.0734,18.0,22.0,-1800.0,-7232.0,-51974.0,-51974.0,0.007145,1.0
2023-07-09,3688.0,3448.0,0.0185,714.0,1.0,0.1894,0.1037,14.0,24.0,-259.0,-5253.0,-51230.0,-51260.0,0.006635,1.0
2023-07-10,5035.0,4805.0,0.0154,2840.0,1.0,0.2352,0.143,12.0,27.0,-120.0,-1571.0,-49890.0,-48420.0,0.005195,1.0
2023-07-11,8990.0,8860.0,0.0063,-1740.0,0.0,0.1653,0.1205,11.0,28.0,-460.0,-945.0,-50307.0,-50160.0,0.00446,1.0
2023-07-12,7652.0,7432.0,0.01,1077.0,1.0,0.1173,0.0716,16.0,23.0,710.0,1711.0,-49667.0,-49083.0,0.0056,0.0
2023-07-13,5874.0,5694.0,0.0105,-905.0,0.0,0.1171,0.0667,16.0,24.0,-340.0,1986.0,-46784.0,-49988.0,0.00607,0.0
2023-07-16,4140.0,4030.0,0.0112,-870.0,0.0,0.1795,0.1239,14.0,26.0,-421.0,402.0,-46306.0,-50858.0,0.006015,0.0
2023-07-17,3080.0,2880.0,0.0188,-1118.0,0.0,0.1331,0.0628,14.0,26.0,-610.0,-3556.0,-37141.0,-51976.0,0.00737,1.0
2023-07-18,4780.0,4600.0,0.0128,470.0,1.0,0.2355,0.1199,13.0,26.0,-340.0,-1346.0,-33149.0,-51506.0,0.007650000000000001,1.0
2023-07-19,3919.0,3729.0,0.0194,-1739.0,0.0,0.1746,0.1073,11.0,29.0,-250.0,-4162.0,-28207.0,-53245.0,0.008799999999999999,1.0
2023-07-20,9462.0,9372.0,0.0038,-3777.0,0.0,0.1058,0.0664,18.0,22.0,10.0,-7034.0,-27165.0,-57022.0,0.008865000000000001,1.0
2023-07-23,3246.0,3096.0,0.0133,-510.0,0.0,0.0932,0.04,17.0,23.0,-460.0,-6674.0,-26551.0,-57532.0,0.009215,1.0
2023-07-24,4863.0,4713.0,0.0114,425.0,1.0,0.1031,0.0668,15.0,24.0,-400.0,-5131.0,-19914.0,-57107.0,0.010645,1.0
2023-07-25,7326.0,7216.0,0.0057,144.0,1.0,0.4018,0.2302,14.0,23.0,-195.0,-5457.0,-15606.0,-56963.0,0.01067,1.0
2023-07-26,4445.0,4375.0,0.006,-2042.0,0.0,0.103,0.0625,17.0,23.0,-665.0,-5760.0,-14548.0,-59005.0,0.00984,1.0
2023-07-27,3220.0,3170.0,0.0067,-540.0,0.0,0.1271,0.1009,14.0,26.0,-900.0,-2523.0,-14803.0,-59545.0,0.009505000000000001,1.0
2023-07-30,3572.0,3572.0,0.0,662.0,1.0,0.1096,0.0828,18.0,22.0,61.0,-1351.0,-12876.0,-58883.0,0.009145,1.0
2023-07-31,3609.0,3529.0,0.008,-1154.0,0.0,0.1097,0.0629,13.0,26.0,-268.0,-2930.0,-13188.0,-60037.0,0.009495,1.0
2023-08-01,4044.0,4024.0,0.0017,-1444.0,0.0,0.0797,0.0454,20.0,20.0,30.0,-4518.0,-12266.0,-61481.0,0.009515,1.0
2023-08-02,3881.0,3841.0,0.0036,-1405.0,0.0,0.1052,0.0812,19.0,21.0,210.0,-3881.0,-12092.0,-62886.0,0.009609999999999999,1.0
2023-08-03,5521.0,5501.0,0.0014,-3739.0,0.0,0.3733,0.2359,14.0,25.0,-340.0,-7080.0,-14651.0,-66625.0,0.009225,1.0
2023-08-06,3559.0,3479.0,0.008,754.0,1.0,0.1077,0.0672,17.0,23.0,-170.0,-6988.0,-14611.0,-65871.0,0.008700000000000001,1.0
2023-08-07,4316.0,4176.0,0.0116,537.0,1.0,0.1495,0.1018,17.0,22.0,487.0,-5297.0,-16914.0,-65334.0,0.00851,1.0
2023-08-08,3951.0,3631.0,0.0327,-1338.0,0.0,0.2865,0.2003,12.0,27.0,-250.0,-5191.0,-16512.0,-66672.0,0.00983,1.0
2023-08-09,2247.0,2117.0,0.0165,89.0,1.0,0.2388,0.123,12.0,28.0,60.0,-3697.0,-17500.0,-66583.0,0.010155,1.0
2023-08-10,2300.0,2220.0,0.0086,1108.0,1.0,0.1784,0.0902,12.0,26.0,19.0,1150.0,-15487.0,-65475.0,0.01006,0.0
2023-08-13,6315.0,5905.0,0.0201,4003.0,1.0,0.673,0.2527,9.0,29.0,235.0,4399.0,-10614.0,-61472.0,0.010505,0.0
2023-08-14,2905.0,2605.0,0.0388,-930.0,0.0,0.1802,0.1125,10.0,29.0,-670.0,2932.0,-10426.0,-62402.0,0.011505,0.0
2023-08-15,2645.0,2525.0,0.0134,870.0,1.0,0.2789,0.1198,7.0,31.0,70.0,5140.0,-10026.0,-61532.0,0.011535,0.0
2023-08-16,5080.0,5060.0,0.0017,2660.0,1.0,0.1804,0.1256,15.0,25.0,60.0,7711.0,-5627.0,-58872.0,0.01065,0.0
2023-08-17,2390.0,2380.0,0.0012,695.0,1.0,0.1209,0.0549,13.0,27.0,-50.0,7298.0,-1155.0,-58177.0,0.01052,0.0
2023-08-20,3330.0,3240.0,0.0085,233.0,1.0,0.1126,0.0569,15.0,25.0,-190.0,3528.0,-412.0,-57944.0,0.010280000000000001,0.0
2023-08-21,5170.0,5190.0,-0.0015,729.0,1.0,0.11,0.0862,20.0,20.0,-110.0,5187.0,-108.0,-57215.0,0.009635,0.0
2023-08-22,4421.0,4311.0,0.0105,-2541.0,0.0,0.1058,0.0782,18.0,22.0,-150.0,1776.0,-2793.0,-59756.0,0.009875,0.0
2023-08-23,3235.0,3175.0,0.0062,243.0,1.0,0.1978,0.1228,16.0,23.0,-220.0,-641.0,-508.0,-59513.0,0.009885000000000001,1.0
2023-08-24,2825.0,2785.0,0.0046,245.0,1.0,0.1542,0.0844,15.0,24.0,730.0,-1091.0,277.0,-59268.0,0.00978,1.0
2023-08-27,1080.0,1030.0,0.0124,-250.0,0.0,0.155,0.057,12.0,25.0,10.0,-1574.0,-635.0,-59518.0,0.0104,1.0
2023-08-28,2946.0,2916.0,0.0039,-487.0,0.0,0.279,0.16,8.0,31.0,-675.0,-2790.0,32.0,-60005.0,0.010195000000000001,1.0
2023-08-29,2600.0,2600.0,0.0,-280.0,0.0,0.1959,0.1153,12.0,26.0,50.0,-529.0,1196.0,-60285.0,0.010110000000000001,1.0
2023-08-30,1760.0,1760.0,0.0,-130.0,0.0,0.1748,0.0774,13.0,25.0,10.0,-902.0,2471.0,-60415.0,0.009930000000000001,1.0
2023-09-03,2395.0,2335.0,0.0107,-1155.0,0.0,0.1982,0.1181,10.0,30.0,-190.0,-2302.0,5055.0,-61570.0,0.010395,1.0
2023-09-04,2345.0,2345.0,0.0,-1145.0,0.0,0.1965,0.1178,9.0,30.0,-130.0,-3197.0,3156.0,-62685.0,0.009995,1.0
2023-09-05,2459.0,2459.0,0.0,611.0,1.0,0.2664,0.1713,11.0,26.0,-140.0,-2099.0,3230.0,-63574.0,0.009415,1.0
2023-09-07,4086.0,4076.0,0.001,-426.0,0.0,0.1743,0.1241,13.0,26.0,-401.0,-2245.0,4142.0,-62677.0,0.00783,1.0
2023-09-10,2980.0,2900.0,0.01,-472.0,0.0,0.1866,0.1087,10.0,28.0,-162.0,-2587.0,3581.0,-63586.0,0.007505,1.0
2023-09-11,6882.0,6752.0,0.0061,2451.0,1.0,0.1639,0.0862,14.0,26.0,-125.0,1019.0,4924.0,-57347.0,0.00738,0.0
2023-09-12,7503.0,7483.0,0.0011,-2448.0,0.0,0.6454,0.3181,12.0,26.0,-750.0,-284.0,-1527.0,-58447.0,0.00643,1.0
2023-09-13,5700.0,5670.0,0.0022,3220.0,1.0,0.5215,0.2908,9.0,30.0,-210.0,2325.0,2623.0,-44944.0,0.0046,0.0
2023-09-17,16839.0,16719.0,0.0031,-1231.0,0.0,0.1786,0.1157,17.0,23.0,149.0,1520.0,522.0,-42653.0,0.004085,0.0
2023-09-18,3930.0,3810.0,0.0102,1024.0,1.0,0.2107,0.128,13.0,27.0,-265.0,3016.0,-1114.0,-34948.0,0.00451,0.0
2023-09-19,18401.0,17923.0,0.0098,3464.0,1.0,0.1673,0.1051,18.0,21.0,-840.0,4029.0,1655.0,-26665.0,0.00494,0.0
2023-09-21,24550.0,23724.0,0.0118,7735.0,1.0,0.1567,0.1182,20.0,20.0,-1591.0,14212.0,9157.0,-17806.0,0.005105,0.0
2023-09-24,10843.0,10593.0,0.0091,-421.0,0.0,0.1039,0.0674,18.0,20.0,784.0,10571.0,8007.0,-12015.0,0.005634999999999999,0.0
2023-09-25,13430.0,12850.0,0.0165,-3202.0,0.0,0.2179,0.1398,14.0,26.0,-1775.0,8600.0,7346.0,-11053.0,0.005935,0.0
2023-09-26,13871.0,13393.0,0.0133,-1541.0,0.0,0.0866,0.0546,18.0,21.0,-2128.0,6035.0,5562.0,-9494.0,0.00629,0.0
2023-09-27,14057.0,13871.0,0.0046,5533.0,1.0,0.1332,0.0873,20.0,20.0,-400.0,8104.0,10850.0,-3676.0,0.00629,0.0
2023-10-01,13948.0,14048.0,-0.0023,-2279.0,0.0,0.1128,0.091,20.0,20.0,1087.0,-1910.0,8821.0,-4690.0,0.005555,1.0
2023-10-02,10190.0,10310.0,-0.0043,-786.0,0.0,0.0978,0.0639,20.0,20.0,-310.0,-2275.0,8522.0,-4634.0,0.005145,1.0
2023-10-03,4546.0,4436.0,0.0108,1603.0,1.0,0.134,0.0885,16.0,22.0,-190.0,2530.0,10405.0,-665.0,0.005685000000000001,0.0
2023-10-04,5397.0,5105.0,0.0217,-290.0,0.0,0.0949,0.0618,17.0,23.0,-198.0,3781.0,10245.0,624.0,0.006770000000000001,0.0
2023-10-05,4956.0,4796.0,0.013,2070.0,1.0,0.14,0.0817,13.0,26.0,1006.0,318.0,13470.0,3874.0,0.0068850000000000005,0.0
2023-10-08,10350.0,10270.0,0.0034,707.0,1.0,0.2563,0.1995,14.0,24.0,-430.0,3304.0,15322.0,3867.0,0.0070550000000000005,0.0
2023-10-09,4042.0,3972.0,0.0064,-2422.0,0.0,0.1533,0.0923,15.0,25.0,-220.0,1668.0,12289.0,-1395.0,0.007375,0.0
2023-10-10,3625.0,3505.0,0.0145,1966.0,1.0,0.2473,0.1622,12.0,28.0,1345.0,2031.0,14681.0,2311.0,0.00805,0.0
2023-10-11,4269.0,4189.0,0.0058,-1790.0,0.0,0.1499,0.0727,18.0,22.0,99.0,531.0,13363.0,-556.0,0.00784,0.0
2023-10-12,5199.0,5109.0,0.0074,-3040.0,0.0,0.1136,0.0814,19.0,21.0,130.0,-4579.0,7872.0,-2691.0,0.007904999999999999,1.0
2023-10-16,4280.0,4230.0,0.0052,854.0,1.0,0.1338,0.1014,15.0,24.0,-290.0,-4432.0,11174.0,-967.0,0.008110000000000001,1.0
2023-10-17,4895.0,4875.0,0.0019,1905.0,1.0,0.1487,0.1096,15.0,25.0,-465.0,-105.0,9859.0,2056.0,0.008095000000000001,1.0
2023-10-18,3865.0,3865.0,0.0,2689.0,1.0,0.3724,0.2622,15.0,17.0,-108.0,618.0,13779.0,4275.0,0.007940000000000001,0.0
2023-10-19,2992.0,2992.0,0.0,-184.0,0.0,0.1784,0.1228,10.0,24.0,670.0,2224.0,12571.0,5830.0,0.007430000000000001,0.0
2023-10-29,1739.0,1739.0,0.0,77.0,1.0,0.2292,0.1131,11.0,23.0,547.0,5341.0,9184.0,9684.0,0.00694,0.0
2023-10-30,1261.0,1231.0,0.0091,391.0,1.0,0.1618,0.1124,12.0,28.0,-90.0,4878.0,1840.0,10585.0,0.006805,0.0
2023-10-31,885.0,885.0,0.0,335.0,1.0,0.1687,0.0867,11.0,22.0,110.0,3308.0,2596.0,10495.0,0.00635,0.0
2023-11-01,3570.0,3540.0,0.003,-765.0,0.0,0.1613,0.0976,16.0,23.0,-359.0,-146.0,5033.0,9586.0,0.005675,1.0
2023-11-02,2190.0,2190.0,0.0,270.0,1.0,0.2335,0.1696,13.0,20.0,90.0,308.0,6844.0,11898.0,0.00501,0.0
2023-11-05,3989.0,3989.0,0.0,-145.0,0.0,0.2557,0.1824,11.0,26.0,619.0,86.0,1166.0,12293.0,0.0047799999999999995,0.0
2023-11-06,2893.0,2883.0,0.0014,-723.0,0.0,0.1958,0.1558,13.0,26.0,-60.0,-1028.0,2722.0,10908.0,0.004965,1.0
2023-11-07,3405.0,3405.0,0.0,-2240.0,0.0,0.1564,0.1216,12.0,25.0,-35.0,-3603.0,1268.0,9822.0,0.00518,1.0
2023-11-08,3240.0,3240.0,0.0,-1935.0,0.0,0.2178,0.1573,10.0,27.0,-1570.0,-4773.0,-2270.0,9331.0,0.00464,1.0
2023-11-09,5725.0,5725.0,0.0,-3210.0,0.0,0.1989,0.1337,10.0,21.0,1200.0,-8253.0,-5190.0,7526.0,0.003555,1.0
2023-11-20,1710.0,1690.0,0.005,-710.0,0.0,0.2464,0.165,7.0,33.0,-160.0,-8818.0,-7970.0,10555.0,0.0031550000000000003,1.0
2023-11-21,8040.0,8020.0,0.001,-2557.0,0.0,0.1615,0.1284,16.0,23.0,640.0,-10652.0,-11234.0,7244.0,0.0030350000000000004,1.0
2023-11-22,2940.0,2910.0,0.004,1095.0,1.0,0.212,0.1342,14.0,26.0,180.0,-7317.0,-7717.0,7802.0,0.002915,1.0
2023-11-23,1700.0,1649.0,0.0113,11.0,1.0,0.1418,0.082,12.0,26.0,0.0,-5371.0,-9672.0,9151.0,0.0027549999999999996,1.0
2023-11-26,5433.0,5313.0,0.0077,2893.0,1.0,0.4374,0.2138,13.0,27.0,-700.0,732.0,-4989.0,11955.0,0.00285,0.0
2023-11-27,9686.0,9426.0,0.0123,-3350.0,0.0,0.2842,0.2115,10.0,30.0,-575.0,-1908.0,-5299.0,7497.0,0.003095,1.0
2023-11-28,2758.0,2698.0,0.0104,-733.0,0.0,0.2123,0.161,9.0,30.0,-140.0,-84.0,-6886.0,2761.0,0.0033549999999999995,1.0
2023-11-29,4236.0,4186.0,0.0053,218.0,1.0,0.1512,0.1055,10.0,28.0,-670.0,-961.0,-8573.0,3909.0,0.0035250000000000004,1.0
2023-11-30,2069.0,2069.0,0.0,-625.0,0.0,0.2243,0.0773,8.0,30.0,-105.0,-1597.0,-11887.0,2414.0,0.0035250000000000004,1.0
2023-12-03,2221.0,2161.0,0.0129,-420.0,0.0,0.429,0.2746,6.0,34.0,-460.0,-4910.0,-12123.0,-666.0,0.00417,1.0
2023-12-04,3907.0,3847.0,0.0051,6.0,1.0,0.181,0.0819,12.0,28.0,-222.0,-1554.0,-12194.0,-1355.0,0.004425,1.0
2023-12-05,4068.0,4068.0,0.0,1420.0,1.0,0.317,0.2111,10.0,28.0,-50.0,599.0,-11165.0,-168.0,0.00397,0.0
2023-12-06,2885.0,2885.0,0.0,-2124.0,0.0,0.299,0.1812,12.0,25.0,20.0,-1743.0,-13624.0,-3021.0,0.00397,1.0
2023-12-07,4461.0,4321.0,0.011,-1360.0,0.0,0.2577,0.1622,12.0,27.0,-340.0,-2478.0,-14219.0,-1840.0,0.004370000000000001,1.0
2023-12-10,1490.0,1490.0,0.0,-1016.0,0.0,0.4761,0.3356,8.0,8.0,0.0,-3074.0,-15505.0,-3099.0,0.004370000000000001,1.0
2023-12-11,13554.0,13489.0,0.0018,-7663.0,0.0,0.1307,0.1026,20.0,20.0,0.0,-10743.0,-23023.0,-11007.0,0.00446,1.0
2023-12-12,14272.0,14422.0,-0.0033,3914.0,1.0,0.0819,0.0513,20.0,20.0,-1155.0,-8249.0,-18386.0,-6843.0,0.0042250000000000005,1.0
2023-12-13,17443.0,18112.0,-0.0138,-4070.0,0.0,0.1247,0.0939,20.0,20.0,-220.0,-10195.0,-20216.0,-10426.0,0.003535,1.0
2023-12-14,17369.0,17089.0,0.0059,-285.0,0.0,0.1297,0.0713,16.0,23.0,-6836.0,-9120.0,-18566.0,-10431.0,0.00383,1.0
2023-12-17,29843.0,26845.0,0.0365,-2399.0,0.0,0.1667,0.0852,14.0,26.0,409.0,-10503.0,-17755.0,-12700.0,0.005655,1.0
2023-12-18,31820.0,28795.0,0.0334,10480.0,1.0,0.3514,0.2025,18.0,22.0,2350.0,7640.0,-6565.0,-1065.0,0.007075,0.0
2023-12-19,29294.0,28479.0,0.0092,-1299.0,0.0,0.0791,0.0533,20.0,20.0,1770.0,2427.0,-5307.0,-1219.0,0.007485,0.0
2023-12-20,33157.0,32360.0,0.0088,8703.0,1.0,0.1206,0.0659,19.0,21.0,-270.0,15200.0,2301.0,6873.0,0.007725,0.0
2023-12-21,13286.0,13156.0,0.0033,-3031.0,0.0,0.083,0.0538,20.0,20.0,-700.0,12454.0,-741.0,4268.0,0.007325,0.0
2023-12-24,19933.0,19638.0,0.0059,-4.0,0.0,0.1365,0.1081,20.0,20.0,-2591.0,14849.0,-3638.0,4736.0,0.007235,0.0
2023-12-27,26033.0,23531.0,0.037,-2676.0,0.0,0.1702,0.141,20.0,20.0,450.0,1693.0,-2964.0,-391.0,0.00847,0.0
2023-12-28,17263.0,16505.0,0.015,5050.0,1.0,0.1641,0.1031,16.0,23.0,-780.0,8042.0,2819.0,7107.0,0.0087,0.0
2024-01-01,22742.0,21008.0,0.02,-3159.0,0.0,0.0988,0.042,20.0,20.0,-1446.0,-3820.0,-558.0,728.0,0.009435,1.0
2024-01-02,22919.0,20975.0,0.0377,-7515.0,0.0,0.6452,0.3543,12.0,28.0,-480.0,-8304.0,-7448.0,-5556.0,0.01132,1.0
2024-01-03,32797.0,29105.0,0.0395,2016.0,1.0,0.1346,0.0834,17.0,23.0,-1660.0,-6284.0,-5012.0,-4564.0,0.01265,1.0
2024-01-04,56224.0,54091.0,0.0163,-16054.0,0.0,0.2648,0.205,20.0,20.0,0.0,-19662.0,-21072.0,-24082.0,0.01321,1.0
2024-01-07,24063.0,23516.0,0.0058,4526.0,1.0,0.1485,0.0786,20.0,20.0,-2239.0,-20186.0,-17966.0,-27291.0,0.013499999999999998,1.0
2024-01-08,23682.0,22282.0,0.0193,-3528.0,0.0,0.1348,0.0842,20.0,20.0,-2335.0,-20555.0,-19370.0,-30398.0,0.014465,1.0
2024-01-09,26453.0,25396.0,0.0129,6109.0,1.0,0.1387,0.0989,20.0,20.0,-370.0,-6931.0,-11901.0,-21087.0,0.014559999999999998,1.0
2024-01-10,44966.0,41583.0,0.0345,-19621.0,0.0,0.1553,0.1264,15.0,25.0,-511.0,-28568.0,-30506.0,-39167.0,0.016285,1.0
2024-01-11,32890.0,30830.0,0.0241,-14673.0,0.0,0.2243,0.1652,17.0,23.0,-2902.0,-27187.0,-37516.0,-59373.0,0.017400000000000002,1.0
2024-01-14,13268.0,13025.0,0.0057,-7695.0,0.0,0.1148,0.0696,20.0,20.0,-110.0,-39408.0,-49125.0,-64789.0,0.017849999999999998,1.0
2024-01-16,12332.0,12232.0,0.0028,687.0,1.0,0.0984,0.0611,20.0,20.0,-1105.0,-35193.0,-44368.0,-63316.0,0.018680000000000002,1.0
2024-01-17,44726.0,50553.0,-0.0346,15032.0,1.0,0.0599,0.0285,20.0,20.0,1349.0,-26270.0,-29051.0,-49887.0,0.016655,1.0
2024-01-18,20592.0,22283.0,-0.0264,702.0,1.0,0.1424,0.1083,20.0,20.0,0.0,-5947.0,-25950.0,-48895.0,0.01351,1.0
2024-01-21,14506.0,15000.0,-0.0103,3787.0,1.0,0.0676,0.037,20.0,20.0,-445.0,12513.0,-32643.0,-47178.0,0.011325,0.0
2024-01-22,13550.0,13610.0,-0.0012,3586.0,1.0,0.0956,0.0433,20.0,20.0,471.0,23794.0,-27758.0,-44299.0,0.010804999999999999,0.0
2024-01-23,5175.0,4875.0,0.0139,1410.0,1.0,0.1403,0.0548,11.0,29.0,-630.0,24517.0,-35051.0,-40467.0,0.01106,0.0
2024-01-24,5174.0,5214.0,-0.0024,-1286.0,0.0,0.1075,0.0665,20.0,20.0,-495.0,8199.0,-33306.0,-43719.0,0.010775,0.0
2024-01-25,18720.0,18505.0,0.0035,-3297.0,0.0,0.132,0.0741,20.0,20.0,1250.0,4200.0,-36599.0,-45226.0,0.010655000000000001,0.0
2024-01-28,10705.0,10265.0,0.0143,-751.0,0.0,0.1011,0.065,20.0,20.0,-159.0,-338.0,-34674.0,-42937.0,0.00952,1.0
2024-01-29,49991.0,52073.0,-0.0143,4879.0,1.0,0.079,0.0567,20.0,20.0,2085.0,955.0,-34845.0,-38912.0,0.008055,0.0
2024-01-30,35453.0,34920.0,0.0051,5653.0,1.0,0.0914,0.0653,20.0,20.0,6882.0,5198.0,-26033.0,-35164.0,0.00731,0.0
2024-01-31,22308.0,23547.0,-0.0169,1938.0,1.0,0.0684,0.0383,20.0,20.0,-1967.0,8422.0,-16580.0,-35915.0,0.00458,0.0
2024-02-01,35222.0,36143.0,-0.0085,14495.0,1.0,0.0938,0.0643,20.0,20.0,708.0,26214.0,-4101.0,-21236.0,0.00218,0.0
2024-02-04,21615.0,21545.0,0.0011,-4469.0,0.0,0.1013,0.0604,20.0,20.0,-1425.0,22496.0,7484.0,-25782.0,0.0014200000000000003,0.0
2024-02-05,9005.0,8765.0,0.0096,2035.0,1.0,0.2918,0.1833,16.0,22.0,1080.0,19652.0,4993.0,-24138.0,0.0016100000000000003,0.0
2024-02-06,8475.0,8340.0,0.0056,-198.0,0.0,0.1292,0.0903,20.0,20.0,-2684.0,13801.0,8323.0,-24671.0,0.0009250000000000001,0.0
2024-02-07,17128.0,17568.0,-0.0108,-7768.0,0.0,0.0837,0.0704,20.0,20.0,-7695.0,4095.0,-5554.0,-31674.0,-0.0002599999999999999,0.0
2024-02-08,23900.0,24967.0,-0.0143,-99.0,0.0,0.0884,0.0562,20.0,20.0,3185.0,-10499.0,13968.0,-32043.0,-0.0027,1.0
2024-02-11,19419.0,19196.0,0.0038,-6831.0,0.0,0.0777,0.055,20.0,20.0,-1505.0,-12861.0,21810.0,-38729.0,-0.0037150000000000004,1.0
2024-02-12,30312.0,29907.0,0.0054,10973.0,1.0,0.1183,0.1064,20.0,20.0,257.0,-3923.0,40478.0,-27033.0,-0.00373,1.0
2024-02-13,50360.0,53531.0,-0.019,4487.0,1.0,0.0749,0.0488,20.0,20.0,-1039.0,762.0,44278.0,-20306.0,-0.00482,0.0
2024-02-14,33503.0,30974.0,0.0277,1370.0,1.0,0.0722,0.0547,20.0,20.0,4987.0,9900.0,30616.0,-17001.0,-0.001705,0.0
2024-02-15,36238.0,36198.0,0.0003,-3913.0,0.0,0.0983,0.0661,20.0,20.0,-1558.0,6086.0,26001.0,-17704.0,-0.00036999999999999994,0.0
2024-02-18,34408.0,34420.0,-0.0001,16727.0,1.0,0.1027,0.056,20.0,20.0,-1165.0,29644.0,38941.0,-267.0,0.0001400000000000001,0.0
2024-02-20,17174.0,17053.0,0.0023,-3356.0,0.0,0.1683,0.1234,20.0,20.0,-1353.0,15315.0,31999.0,-1066.0,0.00031500000000000007,0.0
2024-02-21,12888.0,12808.0,0.002,-1380.0,0.0,0.1441,0.1013,20.0,20.0,-1597.0,9448.0,29209.0,-3541.0,-0.00027999999999999987,0.0
2024-02-22,21717.0,21207.0,0.0093,5800.0,1.0,0.1355,0.1069,20.0,20.0,-880.0,13878.0,36295.0,2248.0,0.00030500000000000004,0.0
2024-02-25,10545.0,10945.0,-0.0118,2729.0,1.0,0.0856,0.0541,20.0,20.0,-415.0,20520.0,42321.0,2084.0,-0.0004599999999999999,0.0
2024-02-26,15744.0,15789.0,-0.0011,5004.0,1.0,0.1116,0.071,20.0,20.0,772.0,8797.0,48076.0,10438.0,-0.00123,0.0
2024-02-27,5536.0,5426.0,0.0093,1607.0,1.0,0.1157,0.0837,15.0,24.0,-294.0,13760.0,44804.0,12778.0,-4.9999999999999955e-05,0.0
2024-02-28,2603.0,2603.0,0.0,288.0,1.0,0.1888,0.131,15.0,22.0,-90.0,15428.0,39439.0,12848.0,-0.000305,0.0
2024-02-29,7601.0,7601.0,0.0,233.0,1.0,0.1669,0.1224,17.0,22.0,-172.0,9861.0,37734.0,13706.0,0.0005399999999999999,0.0
2024-03-03,4304.0,4249.0,0.0048,885.0,1.0,0.1565,0.1032,12.0,27.0,199.0,8017.0,24124.0,15011.0,0.001205,0.0
2024-03-04,1520.0,1520.0,0.0,-20.0,0.0,0.923,0.462,5.0,3.0,10.0,2993.0,28573.0,14985.0,0.00115,0.0
2024-03-05,15425.0,15285.0,0.0036,4415.0,1.0,0.1117,0.0811,20.0,20.0,447.0,5801.0,30953.0,17980.0,0.0008500000000000001,0.0
2024-03-06,11842.0,12114.0,-0.0072,-4442.0,0.0,0.1509,0.1054,20.0,20.0,0.0,1071.0,26709.0,15662.0,0.00020999999999999995,0.0
2024-03-07,14427.0,14925.0,-0.014,4472.0,1.0,0.0832,0.0657,20.0,20.0,760.0,5310.0,38949.0,21494.0,4.9999999999999955e-05,0.0
2024-03-10,4110.0,4070.0,0.0034,-2131.0,0.0,0.21,0.1275,19.0,21.0,-900.0,2294.0,36917.0,20379.0,0.0009349999999999999,0.0
2024-03-12,13924.0,13794.0,0.0034,4102.0,1.0,0.1839,0.1381,19.0,21.0,48.0,6416.0,47850.0,32144.0,0.000915,0.0
2024-03-13,5539.0,5509.0,0.0024,-521.0,0.0,0.1129,0.0913,20.0,20.0,-230.0,1480.0,36356.0,27709.0,0.000765,0.0
2024-03-14,2569.0,2529.0,0.0041,-1173.0,0.0,0.1356,0.0595,13.0,25.0,-235.0,4749.0,30696.0,30606.0,0.0019199999999999998,0.0
2024-03-17,9145.0,9215.0,-0.0028,50.0,1.0,0.1083,0.0718,20.0,20.0,-344.0,327.0,29376.0,30941.0,0.00039500000000000006,0.0
2024-03-18,7105.0,7075.0,0.0018,424.0,1.0,0.2935,0.1626,13.0,25.0,135.0,2882.0,33713.0,33764.0,0.0004700000000000001,0.0
2024-03-19,9752.0,9432.0,0.0121,-4619.0,0.0,0.18,0.1056,17.0,23.0,-280.0,-5839.0,12367.0,18665.0,0.00108,1.0
2024-03-20,4694.0,4674.0,0.0016,-484.0,0.0,0.1228,0.0717,19.0,21.0,235.0,-5802.0,15239.0,19480.0,0.0010450000000000001,1.0
2024-03-21,3539.0,3519.0,0.0022,-779.0,0.0,0.1991,0.1424,15.0,25.0,-385.0,-5408.0,15840.0,9998.0,0.0010550000000000002,1.0
2024-03-25,2863.0,2863.0,0.0,800.0,1.0,0.1118,0.0815,17.0,22.0,-128.0,-4658.0,10840.0,13829.0,0.00059,1.0
2024-03-26,10766.0,10493.0,0.0089,-1474.0,0.0,0.0905,0.0619,20.0,20.0,357.0,-6556.0,6637.0,12359.0,0.0016250000000000001,1.0
2024-03-27,8238.0,8138.0,0.0051,-1708.0,0.0,0.1122,0.0687,17.0,23.0,215.0,-3645.0,-75.0,13327.0,0.0019349999999999999,1.0
2024-03-28,19406.0,19174.0,0.0044,-4561.0,0.0,0.1061,0.0805,20.0,20.0,0.0,-7722.0,-6243.0,3716.0,0.00169,1.0
2024-03-31,31910.0,32105.0,-0.002,-111.0,0.0,0.0957,0.073,20.0,20.0,842.0,-7054.0,-6642.0,6764.0,0.0015900000000000005,1.0
2024-04-01,20872.0,19192.0,0.0312,4987.0,1.0,0.1515,0.1256,20.0,20.0,178.0,-2867.0,-1888.0,19266.0,0.00315,1.0
2024-04-02,6638.0,6598.0,0.0023,-2533.0,0.0,0.099,0.0638,19.0,21.0,278.0,-3926.0,-5306.0,14717.0,0.0030250000000000003,1.0
2024-04-03,9920.0,10149.0,-0.0097,103.0,1.0,0.0877,0.0848,20.0,20.0,-310.0,-2115.0,-5183.0,30874.0,0.00254,1.0
2024-04-04,5905.0,5865.0,0.003,569.0,1.0,0.2453,0.1999,11.0,29.0,-760.0,3015.0,-9029.0,26917.0,0.0025100000000000005,0.0
2024-04-07,5410.0,5310.0,0.005,1503.0,1.0,0.1112,0.0545,18.0,21.0,508.0,4629.0,-3084.0,31948.0,0.0031200000000000004,0.0
2024-04-09,8824.0,8724.0,0.0041,-3538.0,0.0,0.0954,0.0494,20.0,20.0,-40.0,-3896.0,-11094.0,22301.0,0.004025,1.0
2024-04-10,12833.0,12573.0,0.0073,3453.0,1.0,0.0984,0.08,20.0,20.0,2846.0,2090.0,-5510.0,45375.0,0.00422,0.0
2024-04-14,10871.0,10502.0,0.0133,-673.0,0.0,0.1247,0.0758,13.0,26.0,-713.0,1314.0,-10285.0,59375.0,0.0047150000000000004,0.0
2024-04-15,30454.0,29424.0,0.0118,9439.0,1.0,0.1039,0.0812,20.0,20.0,-1097.0,10184.0,-325.0,76509.0,0.005185,0.0
2024-04-16,7857.0,7807.0,0.0024,-3676.0,0.0,0.1754,0.146,20.0,20.0,-1750.0,5005.0,-2828.0,72146.0,0.0051,0.0
2024-04-18,10778.0,10708.0,0.0027,1586.0,1.0,0.1826,0.1422,19.0,20.0,135.0,10129.0,-1292.0,58700.0,0.005375,0.0
2024-04-21,9292.0,9152.0,0.0057,3847.0,1.0,0.1239,0.09,17.0,23.0,-160.0,10523.0,2131.0,61845.0,0.00557,0.0
2024-04-22,12878.0,13298.0,-0.0116,557.0,1.0,0.0818,0.0638,23.0,17.0,830.0,11753.0,7307.0,58615.0,0.004385,0.0
2024-04-24,3531.0,3451.0,0.0091,2410.0,1.0,0.2482,0.1497,13.0,27.0,-570.0,4724.0,10201.0,57439.0,0.00476,0.0
2024-04-25,4295.0,4275.0,0.0016,485.0,1.0,0.0997,0.0559,17.0,22.0,-175.0,8885.0,11465.0,56514.0,0.00473,0.0
2024-04-28,8031.0,8031.0,0.0,-604.0,0.0,0.0991,0.0671,20.0,20.0,-1096.0,6695.0,10061.0,57196.0,0.00473,0.0
2024-04-29,6205.0,6135.0,0.0042,622.0,1.0,0.1353,0.0942,17.0,22.0,-394.0,3470.0,12157.0,61115.0,0.004495000000000001,0.0
2024-04-30,12610.0,12440.0,0.0047,140.0,1.0,0.1241,0.0824,19.0,21.0,-240.0,3053.0,14005.0,62006.0,0.004475000000000001,0.0
2024-05-02,5990.0,5855.0,0.007,-94.0,0.0,0.0858,0.0527,20.0,20.0,-269.0,549.0,18472.0,57033.0,0.004605000000000001,0.0
2024-05-05,6485.0,6435.0,0.0026,1317.0,1.0,0.1264,0.0718,18.0,22.0,-448.0,1381.0,19900.0,52697.0,0.004835000000000001,0.0
2024-05-06,10720.0,11978.0,-0.0445,3291.0,1.0,0.1311,0.1069,22.0,18.0,450.0,5276.0,18204.0,54050.0,0.0010500000000000002,0.0
2024-05-07,3655.0,3655.0,0.0,30.0,1.0,0.1095,0.0825,17.0,23.0,239.0,4684.0,20767.0,39585.0,0.0009350000000000004,0.0
2024-05-08,5482.0,5482.0,0.0,2114.0,1.0,0.1387,0.1051,13.0,22.0,40.0,6658.0,22778.0,46168.0,0.0014200000000000005,0.0
2024-05-09,4529.0,4529.0,0.0,-1170.0,0.0,0.1388,0.1019,16.0,23.0,35.0,5582.0,21039.0,42963.0,0.0012700000000000005,0.0
2024-05-12,2339.0,2339.0,0.0,986.0,1.0,0.2258,0.1318,17.0,21.0,1028.0,5251.0,20522.0,44147.0,0.0010200000000000005,0.0
2024-05-13,4888.0,4938.0,-0.0045,-826.0,0.0,0.1215,0.1228,21.0,19.0,340.0,1134.0,23234.0,51089.0,0.0005900000000000005,0.0
2024-05-14,11711.0,11610.0,0.0033,-1517.0,0.0,0.1634,0.1151,15.0,25.0,-416.0,-413.0,18264.0,49671.0,0.0003900000000000004,1.0
2024-05-15,6681.0,6631.0,0.0025,-1418.0,0.0,0.1085,0.0633,19.0,21.0,-350.0,-3945.0,17519.0,55084.0,-0.00014999999999999955,1.0
2024-05-16,4181.0,4181.0,0.0,695.0,1.0,0.1358,0.109,20.0,19.0,40.0,-2080.0,8775.0,44806.0,-0.0007399999999999996,1.0
2024-05-19,8765.0,8705.0,0.0024,4443.0,1.0,0.1575,0.1043,18.0,22.0,-60.0,1377.0,16894.0,44762.0,-0.0007399999999999996,0.0
2024-05-20,6037.0,6106.0,-0.004,-456.0,0.0,0.1579,0.1196,20.0,20.0,-1702.0,1747.0,14852.0,42936.0,-0.0010749999999999996,0.0
2024-05-21,23362.0,24207.0,-0.0116,-1633.0,0.0,0.0991,0.074,20.0,20.0,1974.0,1631.0,9372.0,45216.0,-0.0019399999999999995,0.0
2024-05-22,11535.0,11636.0,-0.0024,-561.0,0.0,0.0815,0.0393,20.0,20.0,1666.0,2488.0,8254.0,27928.0,-0.0014799999999999995,0.0
2024-05-26,7948.0,7908.0,0.0017,-349.0,0.0,0.2152,0.1285,16.0,22.0,-200.0,1444.0,5495.0,30935.0,-0.0018499999999999996,0.0
2024-05-27,7822.0,7772.0,0.0025,4184.0,1.0,0.2683,0.1701,11.0,27.0,-1905.0,1185.0,9194.0,36499.0,-0.0018049999999999993,0.0
2024-05-29,11428.0,10518.0,0.0308,-203.0,0.0,0.1465,0.1009,16.0,24.0,-510.0,1438.0,9595.0,30496.0,-0.00026499999999999945,0.0
2024-05-30,37534.0,35308.0,0.0189,-10889.0,0.0,0.0878,0.059,20.0,20.0,0.0,-7818.0,-1916.0,16878.0,0.0004700000000000005,1.0
2024-06-02,23007.0,22472.0,0.0061,-452.0,0.0,0.0596,0.0269,20.0,20.0,0.0,-7709.0,-2508.0,11422.0,0.0005400000000000004,1.0
2024-06-03,23033.0,22129.0,0.0126,-1483.0,0.0,0.0689,0.0386,20.0,20.0,540.0,-8843.0,-3897.0,8332.0,0.0008200000000000004,1.0
2024-06-04,15012.0,16196.0,-0.0281,2266.0,1.0,0.0716,0.0433,20.0,20.0,760.0,-10761.0,-2948.0,10310.0,-0.0007149999999999996,1.0
2024-06-05,15919.0,16869.0,-0.0172,-956.0,0.0,0.0938,0.0501,20.0,20.0,-355.0,-11514.0,-7195.0,9121.0,0.0006500000000000002,1.0
2024-06-06,15378.0,14815.0,0.0109,-3007.0,0.0,0.0719,0.0486,20.0,20.0,370.0,-3632.0,-10232.0,5229.0,0.0011950000000000003,1.0
2024-06-09,35509.0,32149.0,0.027,5974.0,1.0,0.0742,0.0401,20.0,20.0,0.0,2794.0,-6372.0,11223.0,0.002545,0.0
2024-06-10,31410.0,27980.0,0.0394,-8347.0,0.0,0.0765,0.0526,20.0,20.0,-1675.0,-4070.0,-13549.0,-1539.0,0.004515,1.0
2024-06-11,18655.0,19103.0,-0.0068,-502.0,0.0,0.083,0.0482,20.0,20.0,627.0,-6838.0,-15037.0,2401.0,0.004175,1.0
2024-06-12,21406.0,22844.0,-0.0226,2005.0,1.0,0.0818,0.0614,20.0,20.0,0.0,-3877.0,-12206.0,-66.0,0.0032700000000000008,1.0
2024-06-13,15326.0,15169.0,0.0033,-1564.0,0.0,0.0789,0.0525,20.0,20.0,-450.0,-2434.0,-12253.0,501.0,0.00327,1.0
2024-06-16,12225.0,11945.0,0.0065,796.0,1.0,0.1112,0.0656,20.0,20.0,2844.0,-7612.0,-10039.0,-2805.0,0.00347,1.0
2024-06-18,15899.0,17272.0,-0.0313,-3537.0,0.0,0.0759,0.0508,23.0,17.0,730.0,-2802.0,-14271.0,-5821.0,0.001905,1.0
2024-06-19,10540.0,10531.0,0.0003,4218.0,1.0,0.101,0.0902,20.0,20.0,-110.0,1918.0,-14496.0,-430.0,0.0018000000000000002,0.0
2024-06-20,8987.0,8857.0,0.0046,2504.0,1.0,0.3299,0.1703,15.0,25.0,-3.0,2417.0,-11536.0,2024.0,0.00223,0.0
2024-06-23,10845.0,10895.0,-0.0015,428.0,1.0,0.1679,0.091,20.0,20.0,-356.0,4409.0,-9475.0,2028.0,0.0027350000000000005,0.0
2024-06-24,15703.0,15326.0,0.0085,-2246.0,0.0,0.162,0.117,20.0,20.0,92.0,1367.0,-11160.0,4401.0,0.0032800000000000004,0.0
2024-06-25,30519.0,26136.0,0.0482,49.0,1.0,0.1527,0.1144,20.0,20.0,-730.0,4953.0,-10762.0,4934.0,0.005605000000000001,0.0
2024-06-26,21746.0,20782.0,0.0143,-907.0,0.0,0.1144,0.0822,20.0,20.0,-653.0,-172.0,-15853.0,4806.0,0.006195000000000001,1.0
2024-06-27,17149.0,17579.0,-0.0089,-3688.0,0.0,0.1164,0.0948,20.0,20.0,-692.0,-6364.0,-19338.0,318.0,0.00421,1.0
2024-06-30,14383.0,13963.0,0.0103,5958.0,1.0,0.2085,0.1509,20.0,20.0,833.0,-834.0,-2491.0,7750.0,0.00378,1.0
2024-07-01,11867.0,12017.0,-0.0051,-6538.0,0.0,0.0896,0.0822,20.0,20.0,520.0,-5126.0,-8577.0,2920.0,0.0032200000000000006,1.0
2024-07-02,25325.0,25459.0,-0.002,-2494.0,0.0,0.1407,0.0816,20.0,20.0,-435.0,-7669.0,-9588.0,4987.0,0.00249,1.0
2024-07-03,11788.0,12253.0,-0.0146,-1406.0,0.0,0.1201,0.0929,20.0,20.0,-990.0,-8168.0,-13260.0,3692.0,0.003165,1.0
2024-07-04,18097.0,18251.0,-0.0032,10924.0,1.0,0.4175,0.2418,20.0,20.0,-255.0,6444.0,-1380.0,9629.0,0.0038649999999999995,0.0
2024-07-07,13012.0,12845.0,0.0047,1198.0,1.0,0.1021,0.0568,20.0,20.0,58.0,1684.0,2825.0,13360.0,0.003555,0.0
2024-07-08,9982.0,10254.0,-0.0101,-2137.0,0.0,0.0755,0.0441,20.0,20.0,0.0,6085.0,-5286.0,11120.0,0.0017000000000000001,0.0
2024-07-09,9147.0,9067.0,0.003,-305.0,0.0,0.126,0.0771,18.0,22.0,-195.0,8274.0,2756.0,10246.0,-0.00012000000000000002,0.0
2024-07-10,7352.0,7467.0,-0.006,657.0,1.0,0.0953,0.0784,20.0,20.0,705.0,10337.0,3915.0,9400.0,-8.000000000000003e-05,0.0
2024-07-11,14968.0,14971.0,-0.0001,4263.0,1.0,0.1033,0.075,20.0,20.0,741.0,3676.0,6173.0,17201.0,0.001045,0.0
2024-07-14,14146.0,13745.0,0.012,5987.0,1.0,0.4737,0.2874,20.0,20.0,-222.0,8465.0,13724.0,19735.0,0.00148,0.0
2024-07-15,17237.0,17338.0,-0.0018,-3530.0,0.0,0.098,0.0596,20.0,20.0,996.0,7072.0,9398.0,16878.0,0.001065,0.0
2024-07-16,23577.0,22947.0,0.0088,3271.0,1.0,0.1245,0.0964,20.0,20.0,1177.0,10648.0,16206.0,10710.0,0.0030700000000000002,0.0
2024-07-17,46952.0,43282.0,0.0321,-16183.0,0.0,0.4782,0.2806,17.0,23.0,720.0,-6192.0,-4195.0,-1797.0,0.00466,1.0
2024-07-18,24983.0,24023.0,0.0132,2082.0,1.0,0.2124,0.1461,20.0,20.0,-2450.0,-8373.0,-4617.0,-1301.0,0.00509,1.0
2024-07-21,18872.0,19391.0,-0.0088,8600.0,1.0,0.128,0.0739,20.0,20.0,-535.0,-5760.0,3555.0,3452.0,0.004725,1.0
2024-07-22,25472.0,24733.0,0.0088,-7690.0,0.0,0.2031,0.1238,20.0,20.0,2101.0,-9920.0,-1889.0,-4795.0,0.004739999999999999,1.0
2024-07-23,22974.0,21910.0,0.0146,-4388.0,0.0,0.1431,0.0956,18.0,22.0,-741.0,-17579.0,-6326.0,-11593.0,0.00306,1.0
2024-07-24,24605.0,24502.0,0.0013,3670.0,1.0,0.1543,0.1079,20.0,20.0,-475.0,2274.0,-1749.0,-8408.0,0.00241,0.0
2024-07-25,44066.0,44569.0,-0.004,19243.0,1.0,0.1632,0.1199,20.0,20.0,1450.0,19435.0,21182.0,11439.0,0.002655,0.0
2024-07-28,29828.0,28931.0,0.0111,18533.0,1.0,0.2689,0.1823,20.0,20.0,0.0,29368.0,33757.0,29350.0,0.0026950000000000003,0.0
2024-07-29,25973.0,25890.0,0.0011,-3285.0,0.0,0.1127,0.0869,20.0,20.0,-4971.0,33773.0,37010.0,25925.0,0.003005,0.0
2024-07-30,18837.0,20055.0,-0.0191,8303.0,1.0,0.0841,0.0496,20.0,20.0,-582.0,46464.0,47807.0,34322.0,0.00215,0.0
2024-07-31,28315.0,26818.0,0.0201,6639.0,1.0,0.3624,0.2205,20.0,20.0,3606.0,49433.0,55852.0,39644.0,0.0038849999999999996,0.0
2024-08-01,18483.0,18325.0,0.0029,3350.0,1.0,0.1094,0.0778,20.0,20.0,0.0,33540.0,48278.0,39703.0,0.004190000000000001,0.0
2024-08-05,25079.0,23319.0,0.0232,5243.0,1.0,0.2706,0.1548,18.0,22.0,-2123.0,20250.0,52323.0,44916.0,0.005115,0.0
2024-08-06,12953.0,12071.0,0.0161,3149.0,1.0,0.1037,0.0448,20.0,20.0,843.0,26684.0,57609.0,45951.0,0.006425,0.0
2024-08-07,19152.0,18879.0,0.0048,-3520.0,0.0,0.0897,0.0539,20.0,20.0,-3178.0,14861.0,54394.0,43601.0,0.006515,0.0
2024-08-08,21297.0,20077.0,0.0203,-4929.0,0.0,0.1604,0.1256,20.0,20.0,-858.0,3293.0,48808.0,37686.0,0.00783,0.0
2024-08-11,37034.0,35998.0,0.0107,1677.0,1.0,0.3527,0.222,20.0,20.0,-137.0,1620.0,46222.0,40189.0,0.008369999999999999,0.0
2024-08-12,25357.0,25638.0,-0.004,-1679.0,0.0,0.1353,0.0956,20.0,20.0,740.0,-5302.0,38556.0,40027.0,0.00757,1.0
2024-08-13,27802.0,25106.0,0.0321,-1882.0,0.0,0.1387,0.0773,17.0,22.0,-3989.0,-10333.0,40204.0,39563.0,0.009264999999999999,1.0
2024-08-14,17967.0,17147.0,0.0151,-2150.0,0.0,0.1842,0.1235,18.0,22.0,-896.0,-8963.0,34783.0,36718.0,0.00958,1.0
2024-08-15,13448.0,12743.0,0.0139,3506.0,1.0,0.2133,0.1103,20.0,20.0,260.0,-528.0,54472.0,35781.0,0.00867,1.0
2024-08-18,17633.0,16813.0,0.0155,5664.0,1.0,0.3371,0.1871,18.0,21.0,-820.0,3459.0,58054.0,41901.0,0.008785,0.0
2024-08-21,9339.0,8949.0,0.0132,-668.0,0.0,0.1812,0.1007,15.0,25.0,-191.0,4470.0,48786.0,42866.0,0.009885,0.0
2024-08-22,12787.0,12312.0,0.013,6304.0,1.0,0.1215,0.0734,20.0,20.0,1550.0,12656.0,62780.0,49731.0,0.010094999999999998,0.0
2024-08-25,11190.0,11090.0,0.0029,1027.0,1.0,0.2584,0.1574,20.0,20.0,-297.0,15833.0,68195.0,51107.0,0.00951,0.0
2024-08-27,7518.0,7228.0,0.0105,-1164.0,0.0,0.1225,0.0448,15.0,23.0,-150.0,11163.0,63361.0,45759.0,0.00997,0.0
2024-08-28,8985.0,8965.0,0.0008,-675.0,0.0,0.1723,0.1397,20.0,20.0,-671.0,4824.0,43443.0,45287.0,0.01021,0.0
2024-08-29,7496.0,7256.0,0.011,-1722.0,0.0,0.1353,0.0815,16.0,22.0,-210.0,3770.0,23188.0,54454.0,0.010205,0.0
2024-09-01,4595.0,4505.0,0.0059,-1114.0,0.0,0.1105,0.0737,20.0,20.0,300.0,-3648.0,25359.0,53792.0,0.010445,1.0
2024-09-02,12232.0,12092.0,0.0049,-6002.0,0.0,0.1201,0.0981,20.0,20.0,2780.0,-10677.0,11054.0,49273.0,0.011644999999999999,1.0
2024-09-03,6951.0,6881.0,0.0036,2440.0,1.0,0.1642,0.0956,18.0,21.0,50.0,-7073.0,6855.0,49447.0,0.01082,1.0
2024-09-04,8854.0,8824.0,0.0011,-1670.0,0.0,0.1252,0.0807,20.0,20.0,-230.0,-8068.0,1835.0,48733.0,0.01073,1.0
2024-09-05,4876.0,4816.0,0.0038,85.0,1.0,0.1199,0.0689,19.0,21.0,-995.0,-6261.0,-3323.0,51825.0,0.00976,1.0
2024-09-08,6290.0,6190.0,0.0054,-25.0,0.0,0.2404,0.1553,16.0,24.0,-768.0,-5172.0,-6497.0,45826.0,0.009225,1.0
2024-09-09,10015.0,9945.0,0.0029,6406.0,1.0,0.2074,0.1691,20.0,20.0,-120.0,7236.0,3429.0,60579.0,0.00913,0.0
2024-09-10,3525.0,3525.0,0.0,-995.0,0.0,0.1435,0.095,15.0,23.0,-420.0,3801.0,7363.0,60086.0,0.008115,0.0
2024-09-11,6041.0,6071.0,-0.0019,614.0,1.0,0.0962,0.0749,20.0,20.0,-1629.0,6085.0,6300.0,58695.0,0.007484999999999999,0.0
2024-09-12,9520.0,9370.0,0.0061,-7740.0,0.0,0.2146,0.1632,18.0,20.0,-345.0,-1740.0,239.0,52519.0,0.00799,1.0
2024-09-15,9792.0,9752.0,0.0015,-2145.0,0.0,0.1038,0.0668,20.0,20.0,465.0,-3860.0,-24.0,49578.0,0.0064600000000000005,1.0
2024-09-16,13258.0,13178.0,0.0024,2061.0,1.0,0.1077,0.0878,20.0,20.0,-474.0,-8205.0,4187.0,55176.0,0.0058249999999999994,1.0
2024-09-18,24844.0,23162.0,0.0217,598.0,1.0,0.0752,0.04,20.0,20.0,1974.0,-6612.0,1279.0,51556.0,0.006215,1.0
2024-09-22,22721.0,22208.0,0.0059,-7334.0,0.0,0.1243,0.0738,20.0,20.0,-1673.0,-14560.0,-11719.0,41718.0,0.005735,1.0
2024-09-23,19496.0,20065.0,-0.0102,3408.0,1.0,0.1074,0.0648,20.0,20.0,-2015.0,-3412.0,-7643.0,44698.0,0.004565,1.0
2024-09-24,6118.0,6118.0,0.0,-221.0,0.0,0.1736,0.0937,16.0,24.0,991.0,-1488.0,-14168.0,46723.0,0.003915,1.0
2024-09-25,5433.0,5383.0,0.0024,-1531.0,0.0,0.1051,0.0482,18.0,22.0,-37.0,-5080.0,-16726.0,45143.0,0.00389,1.0
2024-09-26,6334.0,6289.0,0.0024,-235.0,0.0,0.0989,0.0525,20.0,20.0,-1410.0,-5913.0,-15797.0,45815.0,0.003485,1.0
2024-09-29,7426.0,7456.0,-0.0013,2355.0,1.0,0.1072,0.0698,20.0,20.0,-385.0,3776.0,-12767.0,51858.0,0.0033799999999999998,0.0
2024-09-30,6623.0,6603.0,0.0012,1565.0,1.0,0.1657,0.1193,20.0,20.0,-112.0,1933.0,-9480.0,47465.0,0.0028899999999999998,0.0
2024-10-01,9157.0,9157.0,0.0,-2196.0,0.0,0.169,0.103,14.0,25.0,-15.0,-42.0,-10562.0,51807.0,0.0025949999999999997,1.0
2024-10-02,14320.0,14243.0,0.002,1112.0,1.0,0.2872,0.1972,20.0,20.0,-1466.0,2601.0,-3448.0,55413.0,0.00245,0.0
2024-10-06,4447.0,4417.0,0.0026,1650.0,1.0,0.1388,0.0902,18.0,21.0,18.0,4486.0,-4238.0,58469.0,0.0024,0.0
2024-10-07,5384.0,5384.0,0.0,-423.0,0.0,0.1649,0.0973,14.0,23.0,545.0,1708.0,-2991.0,47122.0,0.002345,0.0
2024-10-08,5766.0,5766.0,0.0,233.0,1.0,0.0998,0.0849,19.0,12.0,-60.0,376.0,-2843.0,46157.0,0.002155,0.0
2024-10-09,2000.0,2000.0,0.0,-1720.0,0.0,0.1957,0.1198,14.0,11.0,0.0,852.0,-4538.0,46574.0,0.001885,0.0
2024-10-15,1045.0,1045.0,0.0,-40.0,0.0,0.2867,0.2029,10.0,20.0,-70.0,-300.0,-10984.0,46839.0,0.0017399999999999998,1.0
2024-10-16,6067.0,6067.0,0.0,-2347.0,0.0,0.1227,0.1012,19.0,21.0,-70.0,-4297.0,-12336.0,43835.0,0.0017399999999999998,1.0
2024-10-17,8694.0,8694.0,0.0,-1163.0,0.0,0.1401,0.0715,15.0,25.0,300.0,-5037.0,-14113.0,38409.0,0.0018349999999999998,1.0
2024-10-20,12247.0,12127.0,0.0034,7178.0,1.0,0.1335,0.0733,16.0,24.0,1702.0,1908.0,805.0,39600.0,0.0016999999999999997,0.0
2024-10-21,9538.0,9436.0,0.004,-1552.0,0.0,0.1053,0.071,16.0,23.0,-390.0,2076.0,1398.0,41578.0,0.0018249999999999996,0.0
2024-10-22,10264.0,10184.0,0.0032,-4518.0,0.0,0.159,0.1123,17.0,23.0,-1101.0,-2402.0,-5181.0,33789.0,0.0018649999999999997,1.0
2024-10-23,4524.0,4524.0,0.0,-855.0,0.0,0.1209,0.0737,15.0,21.0,324.0,-910.0,-6634.0,49117.0,0.0007799999999999999,1.0
2024-10-24,4426.0,4426.0,0.0,260.0,1.0,0.1327,0.1236,16.0,24.0,479.0,513.0,960.0,47295.0,0.00048499999999999986,0.0
2024-10-27,2890.0,2890.0,0.0,756.0,1.0,0.155,0.0994,12.0,28.0,-150.0,-5909.0,-1692.0,39451.0,0.0009949999999999998,1.0
2024-10-28,15950.0,15730.0,0.0053,-5848.0,0.0,0.1443,0.0832,18.0,22.0,220.0,-10205.0,-7319.0,41293.0,0.00126,1.0
2024-10-29,12664.0,12464.0,0.0059,-6096.0,0.0,0.1016,0.0723,19.0,20.0,922.0,-11783.0,-11884.0,39585.0,0.001435,1.0
2024-10-30,6713.0,6713.0,0.0,-3088.0,0.0,0.0829,0.0606,20.0,19.0,337.0,-14016.0,-14737.0,32827.0,0.001315,1.0
2024-11-05,3946.0,3946.0,0.0,-2484.0,0.0,0.1254,0.1142,21.0,15.0,219.0,-16760.0,-19576.0,11100.0,0.00138,1.0
2024-11-06,8207.0,8147.0,0.0028,-1946.0,0.0,0.0908,0.0536,17.0,23.0,-573.0,-19462.0,-23087.0,-9379.0,0.00146,1.0
2024-11-10,14184.0,13299.0,0.0194,3257.0,1.0,0.1138,0.0543,20.0,20.0,70.0,-10357.0,-17634.0,-2837.0,0.0024300000000000003,1.0
2024-11-11,26947.0,26791.0,0.0022,-5772.0,0.0,0.0725,0.0572,20.0,20.0,-4029.0,-10033.0,-24518.0,-16912.0,0.00244,1.0
2024-11-12,20280.0,20063.0,0.0038,1766.0,1.0,0.0939,0.059,20.0,20.0,400.0,-5179.0,-24402.0,-21785.0,0.0025,1.0
2024-11-13,16861.0,16212.0,0.0155,-1888.0,0.0,0.0861,0.071,20.0,20.0,1421.0,-4583.0,-25867.0,-27023.0,0.003275,1.0
2024-11-14,25845.0,23774.0,0.0265,5185.0,1.0,0.1952,0.1356,20.0,20.0,0.0,2548.0,-20915.0,-27081.0,0.0046,0.0
2024-11-17,54309.0,51933.0,0.0176,-28943.0,0.0,0.1345,0.1041,20.0,20.0,750.0,-29652.0,-48138.0,-59173.0,0.0054800000000000005,1.0
2024-11-19,31801.0,32159.0,-0.0028,1005.0,1.0,0.0594,0.0257,20.0,20.0,-2889.0,-22875.0,-47093.0,-54648.0,0.00534,1.0
2024-11-20,19693.0,20364.0,-0.0111,-7524.0,0.0,0.0778,0.0616,20.0,20.0,-298.0,-32165.0,-52270.0,-57243.0,0.004784999999999999,1.0
2024-11-21,17829.0,19215.0,-0.0217,-5591.0,0.0,0.0652,0.0306,20.0,20.0,-363.0,-35868.0,-56698.0,-64511.0,0.0036999999999999997,1.0
2024-11-24,21707.0,21211.0,0.0083,5885.0,1.0,0.1868,0.1375,20.0,20.0,-1755.0,-35168.0,-57991.0,-56947.0,0.003945,1.0
2024-11-25,17135.0,17010.0,0.0025,-2152.0,0.0,0.1457,0.1026,20.0,20.0,5100.0,-8377.0,-58591.0,-57217.0,0.0038699999999999997,1.0
2024-11-26,25565.0,25204.0,0.0061,-14005.0,0.0,0.1073,0.09,20.0,20.0,0.0,-23387.0,-68078.0,-69072.0,0.0040149999999999995,1.0
2024-11-27,21433.0,21809.0,-0.0058,-10079.0,0.0,0.1001,0.0662,20.0,20.0,-2305.0,-25942.0,-77302.0,-82657.0,0.003725,1.0
2024-11-28,19587.0,20343.0,-0.0126,-4578.0,0.0,0.0857,0.0529,20.0,20.0,720.0,-24929.0,-82140.0,-92899.0,0.0030949999999999997,1.0
2024-12-01,25976.0,28073.0,-0.0278,4610.0,1.0,0.1001,0.0731,20.0,20.0,696.0,-26204.0,-78286.0,-87621.0,0.001705,1.0
2024-12-02,21502.0,20486.0,0.0154,9536.0,1.0,0.1108,0.0605,20.0,20.0,3887.0,-14516.0,-62902.0,-84389.0,0.0022099999999999997,1.0
2024-12-03,15686.0,15353.0,0.0073,-1493.0,0.0,0.1416,0.102,20.0,20.0,1140.0,-2004.0,-58299.0,-86909.0,0.00228,1.0
2024-12-04,14776.0,16783.0,-0.042,-3142.0,0.0,0.062,0.0347,20.0,20.0,-2815.0,4933.0,-58353.0,-88887.0,0.0001799999999999996,0.0
2024-12-05,34007.0,29891.0,0.0463,-10062.0,0.0,0.1895,0.1169,19.0,21.0,1701.0,-551.0,-65931.0,-98274.0,0.002495,1.0
2024-12-08,22645.0,23394.0,-0.0119,1597.0,1.0,0.0888,0.0758,20.0,20.0,4775.0,-3564.0,-62388.0,-94955.0,0.0017599999999999998,1.0
2024-12-09,16360.0,16486.0,-0.0027,-6035.0,0.0,0.1427,0.1078,20.0,20.0,0.0,-19135.0,-71680.0,-99876.0,0.0006549999999999995,1.0
2024-12-10,18199.0,18069.0,0.0027,-4913.0,0.0,0.1069,0.0931,20.0,20.0,1165.0,-22555.0,-70821.0,-98787.0,0.0006799999999999995,1.0
2024-12-11,46779.0,41977.0,0.0353,-18026.0,0.0,0.4669,0.232,20.0,20.0,306.0,-37439.0,-90613.0,-119253.0,0.002254999999999999,1.0
2024-12-12,79499.0,68456.0,0.0515,-20797.0,0.0,0.2071,0.1279,20.0,20.0,0.0,-48174.0,-109522.0,-138380.0,0.004054999999999999,1.0
2024-12-16,51872.0,46244.0,0.0414,-20482.0,0.0,0.1201,0.0908,20.0,20.0,1815.0,-70253.0,-135189.0,-158947.0,0.0048,1.0
2024-12-17,24335.0,20728.0,0.0565,76.0,1.0,0.1624,0.1201,19.0,20.0,0.0,-64142.0,-106170.0,-158846.0,0.006744999999999999,1.0
2024-12-18,42453.0,38549.0,0.03,-780.0,0.0,0.1245,0.069,20.0,20.0,-2140.0,-60009.0,-107955.0,-166032.0,0.008385,1.0
2024-12-19,68751.0,53658.0,0.1102,-29833.0,0.0,0.3754,0.2336,12.0,28.0,-1948.0,-71816.0,-130264.0,-194870.0,0.01445,1.0
2024-12-22,69708.0,75473.0,-0.0313,-20392.0,0.0,0.1011,0.084,20.0,20.0,-5215.0,-71411.0,-145065.0,-215876.0,0.01397,1.0
2024-12-23,83994.0,66296.0,0.0858,-17244.0,0.0,0.407,0.2516,20.0,20.0,-4272.0,-68173.0,-168194.0,-225380.0,0.017845,1.0
2024-12-24,34228.0,32376.0,0.0152,-8138.0,0.0,0.1077,0.0626,20.0,20.0,-2671.0,-76387.0,-174180.0,-231373.0,0.01848,1.0
2024-12-26,40848.0,37715.0,0.0296,-8463.0,0.0,0.0972,0.0712,20.0,20.0,-3351.0,-84070.0,-168638.0,-241897.0,0.019655,1.0
2024-12-29,37165.0,30258.0,0.0802,-7621.0,0.0,0.3131,0.2215,14.0,26.0,-2119.0,-61858.0,-166180.0,-250116.0,0.023954999999999997,1.0
2024-12-31,36616.0,32187.0,0.048,-8549.0,0.0,0.2703,0.1861,16.0,23.0,698.0,-50015.0,-170151.0,-251331.0,0.026985,1.0
2025-01-01,24169.0,21854.0,0.0392,941.0,1.0,0.2812,0.2071,19.0,21.0,2473.0,-31830.0,-173820.0,-253798.0,0.030335,1.0
2025-01-02,36313.0,31794.0,0.0447,10345.0,1.0,0.1171,0.0878,20.0,20.0,936.0,-13347.0,-173011.0,-243232.0,0.031799999999999995,1.0
2025-01-05,32994.0,29053.0,0.0366,-3414.0,0.0,0.113,0.0755,20.0,20.0,710.0,-8298.0,-174932.0,-245115.0,0.033265,1.0
2025-01-06,58072.0,60506.0,-0.0111,6801.0,1.0,0.1583,0.0789,20.0,20.0,0.0,6124.0,-164989.0,-238079.0,0.03481,0.0
2025-01-07,78446.0,97492.0,-0.0803,45803.0,1.0,0.0719,0.0434,26.0,14.0,-316.0,60476.0,-109124.0,-194631.0,0.02848,0.0
2025-01-08,29726.0,31054.0,-0.0158,6865.0,1.0,0.2588,0.1739,20.0,20.0,-579.0,66400.0,-103856.0,-189331.0,0.028284999999999998,0.0
2025-01-09,30294.0,31632.0,-0.0091,1185.0,1.0,0.1133,0.051,20.0,20.0,-4054.0,57240.0,-96636.0,-185950.0,0.027964999999999997,0.0
2025-01-12,16258.0,16198.0,0.0017,-5933.0,0.0,0.3426,0.258,14.0,25.0,-393.0,54721.0,-97656.0,-192995.0,0.027915000000000002,0.0
2025-01-13,31954.0,28517.0,0.0357,-23.0,0.0,0.4508,0.2188,20.0,20.0,0.0,47897.0,-79653.0,-194668.0,0.027934999999999998,0.0
2025-01-15,67958.0,63231.0,0.024,-25285.0,0.0,0.5031,0.2424,20.0,20.0,325.0,-23191.0,-84141.0,-219530.0,0.02656,1.0
2025-01-16,68911.0,68981.0,-0.0004,-5214.0,0.0,0.286,0.2041,20.0,20.0,-437.0,-35270.0,-68873.0,-224977.0,0.02447,1.0
2025-01-19,68695.0,78799.0,-0.0432,12642.0,1.0,0.1218,0.0796,20.0,20.0,-4057.0,-23813.0,-56307.0,-210615.0,0.019485,1.0
2025-01-20,45673.0,54995.0,-0.0834,16584.0,1.0,0.1189,0.1149,20.0,20.0,-49.0,-1296.0,-38943.0,-193991.0,0.013815,1.0
2025-01-21,47461.0,50227.0,-0.0241,9033.0,1.0,0.1706,0.1512,20.0,20.0,1178.0,7760.0,-77.0,-182611.0,0.0070999999999999995,0.0
2025-01-22,28105.0,27577.0,0.0069,-3422.0,0.0,0.1627,0.1337,20.0,20.0,304.0,29623.0,16893.0,-184870.0,0.00901,0.0
2025-01-23,42286.0,45713.0,-0.0301,-457.0,0.0,0.0651,0.0385,20.0,20.0,4382.0,34380.0,33680.0,-192505.0,0.003214999999999999,0.0
2025-01-26,57747.0,47334.0,0.0641,-11104.0,0.0,0.3038,0.1695,17.0,22.0,0.0,10634.0,30714.0,-202057.0,0.00566,0.0
2025-01-27,71136.0,61234.0,0.0505,-8040.0,0.0,0.1202,0.0737,20.0,20.0,-1771.0,-13990.0,31137.0,-205579.0,0.006705,1.0
2025-01-28,57419.0,62039.0,-0.0262,15737.0,1.0,0.0761,0.0506,20.0,20.0,-661.0,-7286.0,54495.0,-188987.0,0.0013849999999999995,1.0
2025-02-02,149459.0,119938.0,0.0837,-48981.0,0.0,0.2328,0.1857,20.0,20.0,0.0,-52845.0,14063.0,-238228.0,0.003169999999999999,1.0
2025-02-03,62883.0,49246.0,0.0443,-9963.0,0.0,0.1554,0.0626,20.0,20.0,6241.0,-62351.0,3159.0,-248947.0,0.003424999999999999,1.0
2025-02-04,43434.0,40198.0,0.0173,2160.0,1.0,0.1821,0.0766,20.0,20.0,0.0,-49087.0,-5026.0,-240939.0,0.002054999999999999,1.0
2025-02-05,48311.0,42407.0,0.0316,-802.0,0.0,0.3154,0.1394,20.0,20.0,540.0,-41849.0,-2414.0,-235645.0,0.0018049999999999993,1.0
2025-02-06,35355.0,41388.0,-0.047,16043.0,1.0,0.0865,0.0562,20.0,20.0,3222.0,-41543.0,6828.0,-216514.0,9.999999999999245e-06,1.0
2025-02-09,30206.0,28815.0,0.0164,-4371.0,0.0,0.1934,0.1372,20.0,20.0,-631.0,3067.0,-43346.0,-218401.0,0.0048449999999999995,0.0
2025-02-10,53284.0,59696.0,-0.0314,9909.0,1.0,0.0947,0.0459,20.0,20.0,0.0,22939.0,-40302.0,-206546.0,0.004064999999999998,0.0
2025-02-11,25100.0,29142.0,-0.0193,5398.0,1.0,0.063,0.0125,20.0,20.0,-310.0,26177.0,-36089.0,-204405.0,0.003554999999999999,0.0
2025-02-12,20015.0,19256.0,0.0133,-8780.0,0.0,0.2983,0.1819,20.0,20.0,-1609.0,18199.0,-38936.0,-207413.0,0.004134999999999998,0.0
2025-02-13,37708.0,41066.0,-0.0306,11551.0,1.0,0.106,0.0771,26.0,14.0,0.0,13707.0,-27362.0,-197628.0,0.0008199999999999989,0.0
2025-02-16,17849.0,21008.0,-0.0509,-3870.0,0.0,0.0627,0.0282,20.0,20.0,0.0,14208.0,-5947.0,-199610.0,-0.0029250000000000014,0.0
2025-02-17,29496.0,28421.0,0.0075,-1956.0,0.0,0.196,0.0794,20.0,20.0,0.0,2343.0,-2689.0,-206751.0,-0.0025300000000000014,0.0
2025-02-18,24977.0,31087.0,-0.0738,7551.0,1.0,0.0563,0.0265,30.0,10.0,-6939.0,4496.0,-7780.0,-170257.0,-0.004060000000000001,0.0
2025-02-20,17341.0,19402.0,-0.04,3194.0,1.0,0.0691,0.0464,20.0,20.0,-459.0,16470.0,-21170.0,-168068.0,-0.001890000000000001,0.0
2025-02-23,20307.0,18603.0,0.0225,5147.0,1.0,0.1471,0.0709,20.0,20.0,0.0,10066.0,-25056.0,-155397.0,0.0004399999999999989,0.0
2025-02-24,35813.0,44830.0,-0.0616,17395.0,1.0,0.0607,0.0234,21.0,18.0,1230.0,31331.0,-4239.0,-132411.0,-0.002985000000000001,0.0
2025-02-25,23996.0,22984.0,0.0105,-9745.0,0.0,0.5001,0.1739,20.0,20.0,386.0,23542.0,-13527.0,-148041.0,-0.0009550000000000013,0.0
2025-02-27,41500.0,50593.0,-0.0606,7105.0,1.0,0.0623,0.0333,28.0,11.0,0.0,23096.0,4682.0,-138784.0,-0.007190000000000002,0.0
2025-03-02,16115.0,18412.0,-0.057,5582.0,1.0,0.109,0.1078,20.0,20.0,-2210.0,25484.0,18304.0,-119197.0,-0.012565000000000002,0.0
2025-03-03,63371.0,82055.0,-0.1097,38457.0,1.0,0.0627,0.0461,28.0,11.0,3372.0,58794.0,41024.0,-70661.0,-0.01674,0.0
2025-03-04,21893.0,22001.0,-0.0015,622.0,1.0,0.0712,0.0375,20.0,20.0,-1791.0,42021.0,90627.0,-65461.0,-0.021,0.0
2025-03-05,36582.0,41711.0,-0.0579,12991.0,1.0,0.0877,0.0631,20.0,20.0,1250.0,64757.0,113581.0,-57080.0,-0.02611,0.0
2025-03-06,52795.0,43162.0,0.0853,-21284.0,0.0,0.3834,0.2602,14.0,26.0,0.0,36368.0,90137.0,-87900.0,-0.02271,0.0
2025-03-09,52980.0,43934.0,0.0914,5686.0,1.0,0.4294,0.3295,7.0,33.0,-2040.0,36472.0,96625.0,-80721.0,-0.01972,0.0
2025-03-10,61096.0,53063.0,0.0547,-16913.0,0.0,0.4491,0.2749,20.0,20.0,0.0,-18898.0,63669.0,-94492.0,-0.014635000000000004,1.0
2025-03-11,21520.0,18949.0,0.0412,-3624.0,0.0,0.2064,0.129,19.0,20.0,0.0,-23144.0,64416.0,-88054.0,-0.013395,1.0
2025-03-12,25687.0,23513.0,0.037,-2682.0,0.0,0.4178,0.2762,17.0,21.0,0.0,-38817.0,51825.0,-92333.0,-0.009975000000000001,1.0
2025-03-16,15052.0,14441.0,0.0159,-2064.0,0.0,0.1398,0.1142,20.0,20.0,-305.0,-19597.0,44363.0,-88362.0,-0.008215000000000002,1.0
2025-03-17,29457.0,24718.0,0.0707,-541.0,0.0,0.2452,0.2043,20.0,20.0,-825.0,-25824.0,52602.0,-83990.0,-0.005345000000000002,1.0
2025-03-18,40134.0,40281.0,-0.0007,11570.0,1.0,0.1178,0.0551,20.0,20.0,2038.0,2659.0,52621.0,-54394.0,-0.003850000000000002,0.0
2025-03-19,34345.0,39576.0,-0.0234,5965.0,1.0,0.076,0.0243,20.0,20.0,2798.0,12248.0,62456.0,-27632.0,-0.0024750000000000024,0.0
2025-03-20,12307.0,12307.0,0.0,-1465.0,0.0,0.1001,0.0771,31.0,8.0,472.0,13465.0,62947.0,-8615.0,-0.002850000000000002,0.0
2025-03-23,28913.0,27316.0,0.0208,-8702.0,0.0,0.3075,0.1853,20.0,20.0,0.0,6827.0,46694.0,-17393.0,0.0018799999999999984,0.0
2025-03-24,11388.0,11454.0,-0.002,-3651.0,0.0,0.1507,0.1221,20.0,20.0,239.0,3717.0,39849.0,-20264.0,0.0037799999999999986,0.0
2025-03-25,14128.0,13510.0,0.016,381.0,1.0,0.0887,0.0716,20.0,20.0,-199.0,-7472.0,35083.0,9950.0,0.0034549999999999984,1.0
2025-03-26,8565.0,8376.0,0.007,-2585.0,0.0,0.0915,0.0528,20.0,20.0,-645.0,-16022.0,15103.0,27757.0,0.006885,1.0
2025-03-27,12087.0,11967.0,0.004,-6415.0,0.0,0.3085,0.2128,18.0,21.0,183.0,-20972.0,18433.0,38586.0,0.006559999999999999,1.0
2025-03-30,16256.0,15966.0,0.0063,-3881.0,0.0,0.218,0.1493,20.0,20.0,-4212.0,-16151.0,7447.0,42843.0,0.009904999999999999,1.0
2025-04-01,12109.0,11978.0,0.004,-1444.0,0.0,0.1327,0.1052,20.0,20.0,-146.0,-13944.0,421.0,49862.0,0.012955,1.0
2025-04-02,15492.0,13629.0,0.0388,-2618.0,0.0,0.1054,0.0563,18.0,21.0,-465.0,-16943.0,-40654.0,54865.0,0.020380000000000002,1.0
2025-04-03,16215.0,16967.0,-0.0141,-866.0,0.0,0.0938,0.0591,20.0,20.0,0.0,-15224.0,-42142.0,62548.0,0.019749999999999997,1.0
2025-04-07,9925.0,9942.0,-0.0008,-1711.0,0.0,0.1511,0.1399,20.0,20.0,209.0,-10520.0,-56844.0,59896.0,0.022604999999999997,1.0
2025-04-08,6677.0,6490.0,0.0081,760.0,1.0,0.1007,0.0477,17.0,23.0,0.0,-5879.0,-34800.0,50311.0,0.018744999999999998,1.0
2025-04-09,3306.0,3266.0,0.0054,1574.0,1.0,0.169,0.1612,17.0,22.0,110.0,-2861.0,-38912.0,55299.0,0.014445,1.0
2025-04-10,21300.0,21400.0,-0.0019,-449.0,0.0,0.2849,0.1892,21.0,17.0,230.0,-692.0,-22448.0,48049.0,0.011614999999999997,1.0
2025-04-13,11771.0,11686.0,0.0031,2043.0,1.0,0.1344,0.1317,20.0,20.0,248.0,2217.0,-16781.0,4289.0,0.00971,0.0
2025-04-15,16009.0,16280.0,-0.0052,1832.0,1.0,0.1806,0.1094,20.0,20.0,0.0,5760.0,-12267.0,-744.0,0.007599999999999998,0.0
2025-04-16,9571.0,10059.0,-0.0162,-289.0,0.0,0.0916,0.0499,21.0,19.0,-210.0,4711.0,-10492.0,-2218.0,0.005994999999999999,0.0
2025-04-17,16793.0,18768.0,-0.0405,9573.0,1.0,0.0728,0.0574,20.0,20.0,-132.0,12710.0,-378.0,13288.0,0.0004349999999999986,0.0
2025-04-20,16747.0,16954.0,-0.0053,2588.0,1.0,0.1377,0.1277,20.0,20.0,-301.0,15747.0,-9360.0,15899.0,0.00020499999999999853,0.0
2025-04-21,29979.0,25779.0,0.0618,-10306.0,0.0,0.6921,0.3646,13.0,27.0,-801.0,3398.0,-25631.0,30878.0,0.0044649999999999985,0.0
2025-04-22,7299.0,7116.0,0.0072,930.0,1.0,0.1429,0.0812,18.0,21.0,536.0,2496.0,-23236.0,37022.0,0.0048249999999999986,0.0
2025-04-23,13499.0,13424.0,0.0021,557.0,1.0,0.1989,0.1556,20.0,20.0,406.0,3342.0,-13977.0,24937.0,0.0038899999999999985,0.0
2025-04-24,13007.0,12907.0,0.0029,-4135.0,0.0,0.3029,0.1491,12.0,28.0,-251.0,-10366.0,-14461.0,4218.0,0.004134999999999998,1.0
2025-04-27,31532.0,30425.0,0.0066,-13646.0,0.0,0.4496,0.1239,20.0,20.0,1720.0,-26600.0,-28488.0,-18461.0,0.003664999999999999,1.0
2025-04-28,9462.0,10020.0,-0.012,-6197.0,0.0,0.0907,0.0445,20.0,20.0,0.0,-22491.0,-32100.0,-21236.0,0.0027149999999999982,1.0
2025-04-29,23534.0,24620.0,-0.0057,13873.0,1.0,0.2347,0.0566,20.0,20.0,1552.0,-9548.0,-11812.0,-6906.0,0.0022299999999999985,1.0
2025-04-30,28884.0,33142.0,-0.0593,19048.0,1.0,0.0788,0.0702,31.0,8.0,5036.0,8943.0,11117.0,23246.0,-0.0010500000000000017,0.0
2025-05-04,14067.0,15094.0,-0.0265,4996.0,1.0,0.0764,0.0501,22.0,18.0,820.0,18074.0,17557.0,36282.0,-0.0025750000000000018,0.0
2025-05-05,10904.0,11134.0,-0.0081,-5999.0,0.0,0.0954,0.0886,20.0,20.0,-290.0,25721.0,14176.0,14546.0,-0.004920000000000002,0.0
2025-05-06,15710.0,15731.0,-0.0006,-5264.0,0.0,0.2389,0.183,20.0,20.0,-2673.0,26654.0,9778.0,58263.0,-0.004245000000000001,0.0
2025-05-07,7253.0,7368.0,-0.0054,-2412.0,0.0,0.0898,0.0516,20.0,20.0,-350.0,10369.0,9077.0,65814.0,-0.0044750000000000015,0.0
2025-05-08,9808.0,9522.0,0.0126,2462.0,1.0,0.3995,0.2546,16.0,23.0,343.0,-6217.0,10779.0,66116.0,-0.004250000000000002,1.0
2025-05-11,27849.0,28440.0,-0.006,4014.0,1.0,0.4338,0.1834,21.0,19.0,310.0,-7199.0,13219.0,70932.0,-0.004820000000000001,1.0
2025-05-13,8360.0,8295.0,0.0033,-316.0,0.0,0.1359,0.0987,20.0,20.0,-70.0,-1516.0,13352.0,54573.0,-0.0045600000000000016,1.0
2025-05-14,8577.0,9137.0,-0.022,3140.0,1.0,0.0712,0.0469,21.0,19.0,-201.0,6888.0,14449.0,62084.0,-0.005815000000000001,0.0
2025-05-15,8279.0,8269.0,0.0003,1750.0,1.0,0.3884,0.1624,16.0,23.0,250.0,11050.0,14367.0,53925.0,-0.0055400000000000015,0.0
2025-05-18,3944.0,3924.0,0.0017,623.0,1.0,0.1326,0.0653,14.0,26.0,-565.0,9211.0,15279.0,49150.0,-0.0046450000000000016,0.0
2025-05-19,11680.0,11690.0,-0.0003,-2125.0,0.0,0.204,0.1486,20.0,20.0,-580.0,3072.0,3581.0,55805.0,-0.002635000000000001,0.0
2025-05-20,10408.0,10328.0,0.0028,-4925.0,0.0,0.2044,0.15,18.0,22.0,1080.0,-1537.0,-3932.0,39329.0,-0.0022300000000000015,1.0
2025-05-21,11196.0,11438.0,-0.0086,329.0,1.0,0.1023,0.0778,21.0,18.0,0.0,-4348.0,6703.0,43528.0,-0.005750000000000001,1.0
2025-05-22,3966.0,3966.0,0.0,-914.0,0.0,0.2776,0.1628,19.0,21.0,120.0,-7012.0,4859.0,44570.0,-0.006110000000000002,1.0
2025-05-25,4329.0,4268.0,0.0061,-630.0,0.0,0.1693,0.1148,14.0,26.0,-70.0,-8265.0,3672.0,36389.0,-0.005910000000000001,1.0
2025-05-26,4204.0,4184.0,0.0015,-86.0,0.0,0.1034,0.054,16.0,24.0,196.0,-6226.0,7721.0,33109.0,-0.005980000000000001,1.0
2025-05-27,58682.0,48972.0,0.0495,-24397.0,0.0,0.593,0.2203,7.0,32.0,-2118.0,-25698.0,-3030.0,3565.0,-0.0038350000000000007,1.0
2025-05-28,26178.0,24237.0,0.0092,-6460.0,0.0,0.3402,0.0704,20.0,20.0,-1791.0,-32487.0,-3293.0,-20290.0,-0.0027750000000000006,1.0
2025-06-02,19046.0,18410.0,0.0047,651.0,1.0,0.194,0.0543,20.0,20.0,-372.0,-30922.0,-16515.0,-9894.0,-0.002255000000000001,1.0
2025-06-03,9501.0,9346.0,0.0066,-2059.0,0.0,0.1373,0.0836,20.0,20.0,185.0,-32351.0,-37622.0,-19058.0,0.001039999999999999,1.0
2025-06-04,8018.0,8018.0,0.0,-6638.0,0.0,0.3161,0.1503,14.0,23.0,-202.0,-38903.0,-49256.0,-31278.0,0.002364999999999999,1.0
2025-06-05,22884.0,22644.0,0.0021,-1728.0,0.0,0.3245,0.105,19.0,20.0,-579.0,-16234.0,-44985.0,-71463.0,0.0028749999999999987,1.0
2025-06-08,20407.0,23713.0,-0.0241,5338.0,1.0,0.0669,0.0169,24.0,15.0,543.0,-4436.0,-34383.0,-66747.0,0.0016999999999999988,1.0
2025-06-09,30342.0,34522.0,-0.0361,18831.0,1.0,0.0829,0.0522,30.0,9.0,2266.0,13744.0,-13140.0,-60907.0,0.00016499999999999919,0.0
2025-06-10,9672.0,10038.0,-0.0161,-479.0,0.0,0.0716,0.0514,20.0,20.0,817.0,15324.0,-16081.0,-40102.0,-0.001270000000000001,0.0
2025-06-11,8754.0,9337.0,-0.0269,3554.0,1.0,0.1024,0.0923,22.0,17.0,-1700.0,25516.0,-16541.0,-42234.0,-0.002315000000000001,0.0
2025-06-12,14556.0,15533.0,-0.0216,2744.0,1.0,0.0753,0.0449,20.0,20.0,288.0,29988.0,-13481.0,-22577.0,-0.0035600000000000007,0.0
2025-06-15,37049.0,37152.0,-0.0012,-781.0,0.0,0.575,0.3369,20.0,20.0,1394.0,23869.0,-17402.0,-19734.0,-0.002520000000000001,0.0
2025-06-16,10625.0,10537.0,0.0031,2823.0,1.0,0.0867,0.0576,20.0,20.0,1106.0,7861.0,-16329.0,-14229.0,-0.002380000000000001,0.0
2025-06-17,8582.0,8532.0,0.0007,2040.0,1.0,0.1448,0.0373,20.0,20.0,865.0,10380.0,-14912.0,-10125.0,-0.0024300000000000007,0.0
2025-06-18,54564.0,62464.0,-0.0352,9756.0,1.0,0.0726,0.03,27.0,12.0,2565.0,16582.0,-3031.0,172.0,-0.004175000000000001,0.0
2025-06-19,58290.0,77516.0,-0.1337,28082.0,1.0,0.0559,0.0405,36.0,4.0,5368.0,41920.0,29976.0,16684.0,-0.011000000000000001,0.0
2025-06-22,17363.0,19674.0,-0.0483,3332.0,1.0,0.062,0.036,20.0,20.0,515.0,46033.0,32979.0,14051.0,-0.012985000000000002,0.0
2025-06-23,13251.0,13816.0,-0.016,260.0,1.0,0.066,0.042,20.0,20.0,462.0,43470.0,34153.0,15776.0,-0.013785000000000002,0.0
2025-06-24,13280.0,13434.0,-0.0046,2816.0,1.0,0.1006,0.0924,20.0,20.0,777.0,44246.0,37599.0,27294.0,-0.014320000000000003,0.0
2025-06-25,4614.0,4614.0,0.0,-1006.0,0.0,0.282,0.1504,19.0,21.0,-520.0,33484.0,36679.0,29939.0,-0.014395000000000002,0.0
2025-06-26,7016.0,7018.0,-0.0001,1756.0,1.0,0.0725,0.0484,20.0,20.0,598.0,7158.0,62832.0,31314.0,-0.016875,0.0
2025-06-29,11108.0,10605.0,0.0156,-4201.0,0.0,0.1279,0.0848,20.0,20.0,-750.0,-375.0,65091.0,29698.0,-0.016555000000000004,1.0
2025-06-30,10499.0,10314.0,0.0074,-1688.0,0.0,0.1347,0.1184,20.0,20.0,-984.0,-2323.0,62752.0,34425.0,-0.01642,1.0
2025-07-01,6903.0,6823.0,0.0054,-2175.0,0.0,0.307,0.2481,15.0,24.0,86.0,-7314.0,62636.0,36131.0,-0.01648,1.0
2025-07-02,19671.0,19348.0,0.0065,-3207.0,0.0,0.5857,0.3003,14.0,25.0,378.0,-9515.0,66067.0,34368.0,-0.016155000000000003,1.0
2025-07-03,47656.0,41419.0,0.0559,-6712.0,0.0,0.6814,0.3513,16.0,24.0,0.0,-17983.0,61083.0,30274.0,-0.013465000000000001,1.0
2025-07-06,25007.0,24036.0,0.0059,-2952.0,0.0,0.1831,0.0557,20.0,20.0,0.0,-16734.0,52793.0,28188.0,-0.011965000000000002,1.0
2025-07-07,33856.0,31379.0,0.0099,-11235.0,0.0,0.1282,0.0275,20.0,20.0,-644.0,-26281.0,22727.0,18664.0,-0.009665000000000003,1.0
2025-07-08,10798.0,11143.0,-0.0125,675.0,1.0,0.0829,0.0618,20.0,20.0,-404.0,-23431.0,23881.0,18579.0,-0.009485000000000004,1.0
2025-07-09,14349.0,14224.0,0.0022,1352.0,1.0,0.2185,0.0838,20.0,20.0,-235.0,-18872.0,21679.0,18357.0,-0.008030000000000002,1.0
2025-07-10,10892.0,11640.0,-0.0262,-588.0,0.0,0.0812,0.0729,24.0,16.0,-1443.0,-12748.0,18347.0,18218.0,-0.008260000000000002,1.0
2025-07-13,9051.0,9670.0,-0.0212,-71.0,0.0,0.1121,0.0809,20.0,20.0,-309.0,-9867.0,19057.0,16104.0,-0.009260000000000001,1.0
2025-07-14,10186.0,10771.0,-0.0242,3397.0,1.0,0.0764,0.0747,20.0,20.0,0.0,4765.0,19631.0,17669.0,-0.010625000000000002,0.0
2025-07-15,12477.0,12327.0,0.0057,-330.0,0.0,0.3737,0.2859,20.0,20.0,559.0,3760.0,17261.0,17628.0,-0.010375,0.0
2025-07-16,11971.0,12154.0,-0.0065,1187.0,1.0,0.1613,0.1496,20.0,20.0,-264.0,3595.0,8692.0,9242.0,-0.008940000000000002,0.0
2025-07-17,35064.0,31742.0,0.0379,4014.0,1.0,0.1843,0.1117,20.0,20.0,308.0,8197.0,-15376.0,10668.0,-0.00036000000000000165,0.0
2025-07-20,40572.0,36582.0,0.0312,-8128.0,0.0,0.2716,0.1474,20.0,20.0,-2520.0,140.0,-26836.0,12846.0,0.003614999999999999,0.0
2025-07-21,42748.0,35810.0,0.0564,-4454.0,0.0,0.1909,0.1359,20.0,20.0,-1201.0,-7711.0,-31550.0,7462.0,0.007234999999999998,1.0
2025-07-22,27117.0,27629.0,-0.003,5747.0,1.0,0.0678,0.0187,20.0,20.0,2616.0,-1634.0,-28619.0,12652.0,0.007314999999999998,1.0
2025-07-23,20048.0,22292.0,-0.0349,9088.0,1.0,0.1071,0.0697,20.0,20.0,790.0,6267.0,-18525.0,25875.0,0.005569999999999998,0.0
2025-07-24,24838.0,23644.0,0.0189,-2631.0,0.0,0.1837,0.1197,20.0,20.0,1205.0,-378.0,-22912.0,36890.0,0.006519999999999998,1.0
2025-07-27,52944.0,44953.0,0.0694,-29263.0,0.0,0.4811,0.3019,11.0,29.0,-5188.0,-21513.0,-47974.0,13824.0,0.00921,1.0
2025-07-28,42306.0,37067.0,0.0331,-12399.0,0.0,0.4246,0.1701,20.0,20.0,-4341.0,-29458.0,-58685.0,-12448.0,0.010494999999999999,1.0
2025-07-29,45002.0,35917.0,0.0523,-9657.0,0.0,0.2832,0.118,20.0,20.0,-1648.0,-44862.0,-66167.0,-41153.0,0.012839999999999999,1.0
2025-07-30,30854.0,33858.0,-0.0208,3913.0,1.0,0.1752,0.0788,20.0,20.0,-240.0,-50037.0,-59047.0,-42236.0,0.011474999999999997,1.0
2025-07-31,12055.0,11965.0,0.0028,3659.0,1.0,0.0633,0.0429,20.0,20.0,741.0,-43747.0,-48676.0,-32578.0,0.008819999999999998,1.0
2025-08-03,27460.0,27330.0,0.0021,2995.0,1.0,0.5381,0.3261,19.0,20.0,897.0,-11489.0,-42729.0,-24319.0,0.008629999999999999,1.0
2025-08-04,14357.0,14355.0,0.0,4430.0,1.0,0.1735,0.1045,20.0,20.0,2238.0,5340.0,-27064.0,-17477.0,0.008134999999999998,0.0
2025-08-05,24977.0,25278.0,-0.0024,3354.0,1.0,0.215,0.0862,20.0,20.0,1630.0,18351.0,-24385.0,-16585.0,0.008639999999999998,0.0
2025-08-06,8950.0,9015.0,-0.0027,140.0,1.0,0.1007,0.0827,20.0,20.0,644.0,14578.0,-25597.0,-20459.0,0.008394999999999998,0.0
2025-08-07,12159.0,11392.0,0.0254,-5348.0,0.0,0.4666,0.2695,13.0,26.0,0.0,5571.0,-30357.0,-25491.0,0.010974999999999999,0.0
2025-08-11,4124.0,4114.0,0.0003,454.0,1.0,0.1995,0.0479,13.0,27.0,258.0,3030.0,-29832.0,-28177.0,0.012049999999999998,0.0
2025-08-12,10910.0,10860.0,0.0014,1268.0,1.0,0.243,0.1224,15.0,25.0,-357.0,-132.0,-31961.0,-28659.0,0.01333,1.0
2025-08-13,2117.0,2125.0,-0.0012,432.0,1.0,0.096,0.0623,20.0,20.0,347.0,-3054.0,-31199.0,-28850.0,0.012984999999999997,1.0
2025-08-14,8592.0,8194.0,0.0174,-1016.0,0.0,0.1875,0.1441,18.0,21.0,-507.0,-4210.0,-33402.0,-27741.0,0.014179999999999998,1.0
2025-08-17,14180.0,14277.0,-0.0007,-217.0,0.0,0.2229,0.0453,20.0,20.0,-365.0,921.0,-37633.0,-23033.0,0.012249999999999999,0.0
2025-08-18,11290.0,11240.0,0.0019,2709.0,1.0,0.2487,0.1919,20.0,20.0,2114.0,3176.0,-26796.0,-20653.0,0.010785,0.0
2025-08-19,2346.0,2346.0,0.0,205.0,1.0,0.107,0.0807,17.0,20.0,-170.0,2113.0,-22137.0,-19534.0,0.007965,0.0
2025-08-20,4540.0,4560.0,-0.0018,-2395.0,0.0,0.1137,0.0923,23.0,16.0,-940.0,-714.0,-30279.0,-21299.0,0.008024999999999997,1.0
2025-08-21,11507.0,11669.0,-0.0055,547.0,1.0,0.1105,0.0799,21.0,18.0,-76.0,849.0,-38820.0,-20666.0,0.009495,0.0
2025-08-24,4562.0,4542.0,0.0011,-186.0,0.0,0.1466,0.0614,15.0,24.0,-848.0,880.0,-36375.0,3545.0,0.008604999999999998,0.0
2025-08-25,5055.0,5055.0,0.0,-748.0,0.0,0.4351,0.2144,5.0,34.0,4.0,-2577.0,-7860.0,9257.0,0.005134999999999999,1.0
2025-08-26,1867.0,1867.0,0.0,439.0,1.0,0.1443,0.0745,16.0,18.0,416.0,-2343.0,4978.0,9045.0,0.0034799999999999983,1.0
2025-08-27,13594.0,13594.0,0.0,6621.0,1.0,0.1998,0.168,18.0,20.0,137.0,6673.0,21256.0,17725.0,0.0008649999999999986,0.0
2025-08-28,9054.0,9054.0,0.0,1981.0,1.0,0.1557,0.146,22.0,18.0,88.0,8107.0,19324.0,26344.0,0.0019049999999999983,0.0
2025-08-31,6967.0,6942.0,0.0017,-2049.0,0.0,0.0858,0.0733,20.0,20.0,-431.0,6244.0,13616.0,26023.0,0.0018499999999999986,0.0
2025-09-01,3951.0,3941.0,0.0011,627.0,1.0,0.1851,0.1785,20.0,20.0,-110.0,7619.0,11248.0,21312.0,0.0017999999999999989,0.0
2025-09-02,16148.0,17217.0,-0.0276,4973.0,1.0,0.0641,0.0591,24.0,16.0,570.0,12153.0,11791.0,7454.0,0.00041999999999999866,0.0
2025-09-03,4896.0,4941.0,-0.0031,486.0,1.0,0.146,0.1033,21.0,19.0,400.0,6018.0,8923.0,8419.0,0.0003849999999999985,0.0
2025-09-04,5873.0,5873.0,0.0,-1235.0,0.0,0.192,0.1407,18.0,21.0,-150.0,2802.0,7548.0,3630.0,0.0005199999999999985,0.0
2025-09-07,22440.0,22440.0,0.0,-70.0,0.0,0.6361,0.3358,20.0,15.0,48.0,4781.0,12826.0,816.0,-0.0007500000000000013,0.0
2025-09-08,7184.0,7184.0,0.0,-4162.0,0.0,0.1774,0.1242,19.0,18.0,104.0,-8.0,8210.0,-2565.0,-0.0007650000000000014,1.0
2025-09-18,600.0,600.0,0.0,0.0,0.0,0.7106,0.4167,3.0,1.0,0.0,-4981.0,6942.0,-5388.0,-0.0008350000000000013,1.0
2025-09-21,7755.0,7680.0,0.0033,-569.0,0.0,0.2317,0.1393,18.0,22.0,-722.0,-6036.0,5941.0,-7997.0,-0.0006100000000000014,1.0
2025-09-23,9884.0,9814.0,0.0023,510.0,1.0,0.0928,0.0469,19.0,21.0,83.0,-4291.0,7467.0,-17243.0,-0.0013650000000000012,1.0
2025-09-24,26165.0,26653.0,-0.006,-547.0,0.0,0.1184,0.0721,20.0,20.0,-791.0,-4768.0,7137.0,-45872.0,-0.0016300000000000012,1.0
2025-09-25,13550.0,13805.0,-0.0088,6448.0,1.0,0.1154,0.1107,20.0,20.0,-65.0,5842.0,10876.0,-42756.0,-0.002165000000000001,0.0
2025-09-28,26592.0,26952.0,-0.0055,13004.0,1.0,0.0654,0.0645,32.0,8.0,689.0,18846.0,23675.0,-30012.0,-0.002440000000000001,0.0
2025-10-07,36612.0,41745.0,-0.0594,19671.0,1.0,0.1389,0.143,32.0,8.0,837.0,39086.0,45741.0,-13157.0,-0.005320000000000001,0.0
2025-10-08,7575.0,7996.0,-0.0185,935.0,1.0,0.1004,0.0818,20.0,20.0,150.0,39511.0,46129.0,-11216.0,-0.005970000000000001,0.0
2025-10-09,30581.0,38193.0,-0.0946,17421.0,1.0,0.0574,0.0438,33.0,6.0,1988.0,57479.0,63736.0,4449.0,-0.010755,0.0
2025-10-12,11800.0,12216.0,-0.014,2501.0,1.0,0.0948,0.0706,24.0,16.0,-10.0,53532.0,66985.0,11151.0,-0.011455000000000002,0.0
2025-10-13,10304.0,10363.0,-0.002,2876.0,1.0,0.1363,0.0934,20.0,20.0,122.0,43404.0,69422.0,15715.0,-0.011555000000000001,0.0
2025-10-14,38784.0,40307.0,-0.0148,23392.0,1.0,0.2713,0.185,32.0,8.0,436.0,47125.0,86193.0,41282.0,-0.012295000000000002,0.0
2025-10-15,11876.0,12116.0,-0.0081,-4391.0,0.0,0.0725,0.0525,31.0,9.0,1492.0,41799.0,79821.0,40098.0,-0.0127,0.0
2025-10-16,15579.0,15889.0,-0.007,1334.0,1.0,0.128,0.1003,28.0,11.0,672.0,25712.0,83204.0,48144.0,-0.013134999999999999,0.0
2025-10-19,6279.0,6319.0,-0.0022,-2427.0,0.0,0.2544,0.1671,20.0,20.0,-33.0,20784.0,80150.0,48669.0,-0.013300000000000003,0.0
2025-10-26,17773.0,18187.0,-0.0085,-3240.0,0.0,0.1808,0.1386,20.0,20.0,0.0,14668.0,71937.0,56664.0,-0.012345000000000002,0.0
2025-10-28,7714.0,7897.0,-0.0092,2942.0,1.0,0.1028,0.0677,21.0,19.0,-157.0,-5782.0,74393.0,58931.0,-0.01265,1.0
2025-10-29,36533.0,33760.0,0.0367,-18811.0,0.0,0.8794,0.4528,13.0,26.0,0.0,-20202.0,56817.0,38768.0,-0.010815000000000002,1.0
2025-10-30,54161.0,60929.0,-0.0502,15060.0,1.0,0.0835,0.0742,20.0,20.0,0.0,-6476.0,71947.0,54416.0,-0.013325,1.0
2025-11-02,10680.0,11273.0,-0.0214,-2508.0,0.0,0.0672,0.0433,21.0,19.0,-771.0,-6557.0,73601.0,51979.0,-0.014395000000000002,1.0
2025-11-03,16383.0,16993.0,-0.0162,6195.0,1.0,0.1242,0.1006,20.0,20.0,-511.0,2878.0,79796.0,54777.0,-0.015205000000000002,0.0
2025-11-04,14418.0,14292.0,0.0036,-2125.0,0.0,0.4549,0.271,18.0,22.0,-289.0,-2189.0,78240.0,52982.0,-0.015190000000000004,1.0
2025-11-05,9409.0,9409.0,0.0,-4781.0,0.0,0.3529,0.2344,14.0,24.0,90.0,11841.0,72949.0,47014.0,-0.015305000000000003,0.0
2025-11-06,2789.0,2789.0,0.0,-535.0,0.0,0.1193,0.0618,17.0,15.0,-40.0,-3754.0,72961.0,42465.0,-0.015005000000000001,1.0
2025-11-09,13562.0,13562.0,0.0,-7046.0,0.0,0.5981,0.3405,14.0,22.0,-385.0,-8292.0,59467.0,43547.0,-0.014565000000000003,1.0
2025-11-10,52264.0,47240.0,0.0415,-18469.0,0.0,0.1978,0.1334,20.0,20.0,670.0,-32956.0,27994.0,29532.0,-0.012215,1.0
2025-11-11,19302.0,17962.0,0.0272,-3322.0,0.0,0.426,0.2491,15.0,25.0,-1313.0,-34153.0,5001.0,20463.0,-0.007885,1.0
2025-11-12,28880.0,26699.0,0.0121,4530.0,1.0,0.1045,0.0351,20.0,20.0,6306.0,-24842.0,8596.0,15905.0,-0.006355000000000001,1.0
2025-11-13,40961.0,46811.0,-0.0341,21919.0,1.0,0.0872,0.0402,20.0,20.0,2616.0,-2388.0,13094.0,40455.0,-0.0033300000000000005,1.0
2025-11-16,11482.0,11917.0,-0.0139,-436.0,0.0,0.0982,0.0796,21.0,18.0,910.0,4222.0,10157.0,69282.0,-0.0033250000000000003,0.0
2025-11-17,86985.0,106274.0,-0.0918,53280.0,1.0,0.0747,0.0589,32.0,7.0,2059.0,75971.0,60561.0,134961.0,-0.007814999999999999,0.0
2025-11-18,14313.0,13387.0,0.0239,4880.0,1.0,0.1299,0.0853,20.0,20.0,-408.0,84173.0,42049.0,149498.0,-0.00588,0.0
2025-11-19,10314.0,10404.0,-0.0029,4091.0,1.0,0.2055,0.1369,25.0,15.0,-209.0,83734.0,50531.0,149676.0,-0.00562,0.0
2025-11-20,11937.0,12707.0,-0.0174,-779.0,0.0,0.1249,0.0734,20.0,20.0,-172.0,61036.0,48418.0,145238.0,-0.0061400000000000005,0.0
2025-11-23,6922.0,6822.0,0.0056,2594.0,1.0,0.1579,0.1157,18.0,20.0,-213.0,64066.0,53439.0,144837.0,-0.00575,0.0
2025-11-24,15538.0,15485.0,0.0014,-534.0,0.0,0.2308,0.1601,20.0,20.0,0.0,10252.0,56145.0,139873.0,-0.005255000000000001,0.0
2025-11-25,18222.0,19719.0,-0.0331,1674.0,1.0,0.1047,0.0815,20.0,20.0,-4035.0,7046.0,54877.0,138193.0,-0.00645,0.0
2025-11-26,16508.0,16021.0,0.0107,-5276.0,0.0,0.1012,0.0658,20.0,20.0,155.0,-2321.0,68412.0,132777.0,-0.007750000000000002,1.0
2025-11-27,8394.0,8610.0,-0.0086,-2445.0,0.0,0.0792,0.0444,20.0,20.0,0.0,-3987.0,50907.0,135680.0,-0.00567,1.0
2025-11-30,6461.0,6461.0,0.0,-791.0,0.0,0.1068,0.0688,17.0,23.0,491.0,-7372.0,52624.0,134435.0,-0.0046,1.0
2025-12-01,13488.0,14110.0,-0.0198,-2433.0,0.0,0.089,0.0865,25.0,15.0,0.0,-9271.0,43996.0,130734.0,-0.0047799999999999995,1.0
2025-12-02,7455.0,7631.0,-0.0083,-1969.0,0.0,0.1035,0.0642,21.0,19.0,310.0,-12914.0,44152.0,128333.0,-0.005375,1.0
2025-12-03,24091.0,28614.0,-0.074,6847.0,1.0,0.0719,0.0619,20.0,20.0,1277.0,-791.0,55780.0,136196.0,-0.009075,1.0
2025-12-07,9617.0,10061.0,-0.0191,-846.0,0.0,0.0719,0.0478,21.0,19.0,107.0,808.0,55469.0,135567.0,-0.01003,0.0
2025-12-08,8632.0,9287.0,-0.0258,-178.0,0.0,0.0691,0.0432,23.0,17.0,325.0,1421.0,62337.0,132680.0,-0.01132,0.0
2025-12-09,5339.0,5339.0,0.0,354.0,1.0,0.0898,0.0615,20.0,20.0,780.0,4208.0,81160.0,132829.0,-0.013394999999999999,0.0
2025-12-10,7103.0,7063.0,0.0022,485.0,1.0,0.0998,0.0562,17.0,21.0,740.0,6662.0,84967.0,135709.0,-0.014645,0.0
2025-12-11,8498.0,8523.0,-0.0012,-1430.0,0.0,0.12,0.0959,25.0,15.0,140.0,-1615.0,79007.0,133732.0,-0.015309999999999999,1.0
2025-12-14,4885.0,4885.0,0.0,-1646.0,0.0,0.2087,0.1651,13.0,27.0,-50.0,-2415.0,55442.0,132272.0,-0.013605,1.0
2025-12-15,2679.0,2679.0,0.0,-276.0,0.0,0.1618,0.0934,12.0,24.0,105.0,-2513.0,55602.0,132744.0,-0.01291,1.0
2025-12-16,3708.0,3638.0,0.0073,609.0,1.0,0.0922,0.0534,17.0,23.0,30.0,-2258.0,2931.0,132914.0,-0.007955,1.0
2025-12-17,9228.0,9218.0,0.0005,-598.0,0.0,0.1479,0.1144,20.0,20.0,-1263.0,-3341.0,-2547.0,125695.0,-0.009125,1.0
2025-12-18,17475.0,19967.0,-0.0585,6824.0,1.0,0.0585,0.0497,26.0,14.0,907.0,4913.0,186.0,130538.0,-0.011904999999999999,0.0
2025-12-21,5870.0,5870.0,0.0,-1982.0,0.0,0.1109,0.0683,19.0,20.0,-1250.0,4577.0,-1017.0,130605.0,-0.011035,0.0
2025-12-22,8062.0,8052.0,0.0005,1460.0,1.0,0.0975,0.0574,18.0,21.0,138.0,6313.0,-2151.0,131438.0,-0.011290000000000001,0.0
2025-12-23,6455.0,6520.0,-0.0032,-2000.0,0.0,0.0874,0.0641,20.0,19.0,177.0,3704.0,-3617.0,124465.0,-0.011519999999999999,0.0
2025-12-24,3390.0,3390.0,0.0,-170.0,0.0,0.2509,0.1532,9.0,24.0,0.0,4132.0,-5461.0,123809.0,-0.009865,0.0
2025-12-28,11684.0,12547.0,-0.0248,3733.0,1.0,0.0815,0.0497,20.0,20.0,215.0,1041.0,3548.0,128777.0,-0.011640000000000001,0.0
2025-12-29,14627.0,13830.0,0.019,2013.0,1.0,0.1244,0.0896,19.0,21.0,255.0,5036.0,8006.0,130860.0,-0.01026,0.0
2025-12-31,4535.0,4475.0,0.0042,-1430.0,0.0,0.2519,0.1392,15.0,24.0,-120.0,2146.0,7367.0,133592.0,-0.01005,0.0
2026-01-01,11841.0,11841.0,0.0,-1544.0,0.0,0.4485,0.2951,14.0,23.0,255.0,2602.0,8256.0,132048.0,-0.009060000000000002,0.0
2026-01-04,6692.0,6692.0,0.0,1743.0,1.0,0.3409,0.2283,17.0,23.0,-591.0,4515.0,11968.0,134360.0,-0.008645000000000002,0.0
2026-01-05,14019.0,14907.0,-0.019,5765.0,1.0,0.0659,0.0364,20.0,20.0,944.0,6547.0,10886.0,139615.0,-0.005895000000000001,0.0
2026-01-06,7268.0,7275.0,-0.0004,-1887.0,0.0,0.0784,0.0601,20.0,20.0,-216.0,2647.0,9845.0,138275.0,-0.004960000000000001,0.0
2026-01-07,8345.0,8285.0,0.0029,428.0,1.0,0.3312,0.1841,14.0,23.0,-1260.0,4505.0,10451.0,132255.0,-0.0035250000000000012,0.0
2026-01-08,5738.0,5718.0,0.0016,-2623.0,0.0,0.1497,0.1386,18.0,21.0,-473.0,3426.0,7474.0,116628.0,-0.003445000000000001,0.0
2026-01-12,4602.0,4602.0,0.0,-58.0,0.0,0.2633,0.2206,15.0,23.0,-40.0,1625.0,6931.0,96899.0,-0.0035550000000000004,0.0
2026-01-13,49231.0,62669.0,-0.1152,22526.0,1.0,0.0659,0.0544,31.0,8.0,3115.0,18386.0,30887.0,118490.0,-0.009255000000000001,0.0
2026-01-14,25953.0,25662.0,0.0037,5828.0,1.0,0.1013,0.0633,20.0,20.0,3322.0,26101.0,38361.0,106897.0,-0.00907,0.0
2026-01-18,11020.0,10936.0,0.0024,1419.0,1.0,0.0716,0.0375,20.0,20.0,1051.0,27092.0,40056.0,105815.0,-0.008950000000000001,0.0
2026-01-20,12002.0,12213.0,-0.0049,1006.0,1.0,0.0752,0.0462,20.0,20.0,1094.0,30721.0,40453.0,103945.0,-0.00956,0.0
2026-01-21,9180.0,9121.0,0.0026,400.0,1.0,0.0956,0.0757,20.0,20.0,-1423.0,31179.0,41451.0,80953.0,-0.009455000000000002,0.0
2026-01-22,16934.0,17516.0,-0.014,-305.0,0.0,0.0924,0.0799,20.0,20.0,-2936.0,8348.0,34322.0,85039.0,-0.00723,0.0
2026-01-25,13843.0,14551.0,-0.0187,1632.0,1.0,0.0747,0.0597,20.0,20.0,2260.0,4152.0,37936.0,85337.0,-0.008165,0.0
2026-01-26,18411.0,20074.0,-0.0292,5273.0,1.0,0.0639,0.036,20.0,20.0,1166.0,8006.0,41749.0,93037.0,-0.00965,0.0
2026-01-27,17121.0,16544.0,0.0095,2624.0,1.0,0.0841,0.0375,20.0,20.0,2198.0,9624.0,46373.0,98901.0,-0.009015,0.0
2026-01-28,21864.0,23221.0,-0.0247,-10629.0,0.0,0.0797,0.078,20.0,20.0,-475.0,-1405.0,35914.0,85330.0,-0.01025,1.0
2026-01-29,26891.0,25521.0,0.0175,3371.0,1.0,0.0778,0.0527,20.0,20.0,720.0,2271.0,35552.0,107512.0,-0.008135,0.0
2026-02-01,12792.0,13183.0,-0.0117,-1600.0,0.0,0.1123,0.0985,20.0,20.0,708.0,-961.0,31939.0,90852.0,-0.009670000000000002,1.0
2026-02-02,8284.0,8549.0,-0.0096,-3573.0,0.0,0.075,0.0485,20.0,20.0,-3484.0,-9807.0,29796.0,89787.0,-0.01036,1.0
2026-02-03,11205.0,11031.0,0.0062,2357.0,1.0,0.1375,0.0902,20.0,20.0,183.0,-10074.0,33697.0,85949.0,-0.01005,1.0
2026-02-04,13757.0,14437.0,-0.0177,-563.0,0.0,0.0782,0.0527,20.0,20.0,-4211.0,-8.0,31391.0,87511.0,-0.010935,1.0
2026-02-05,12207.0,12055.0,0.0047,-65.0,0.0,0.1301,0.0888,19.0,21.0,-1070.0,-3444.0,25561.0,92227.0,-0.00975,1.0
2026-02-08,11653.0,11579.0,0.0023,2537.0,1.0,0.0831,0.0465,20.0,20.0,-984.0,693.0,29985.0,95299.0,-0.009615,0.0
2026-02-09,9640.0,9725.0,-0.0032,-2960.0,0.0,0.0752,0.0386,20.0,20.0,765.0,1306.0,26597.0,99385.0,-0.009920000000000002,0.0
2026-02-10,9704.0,10260.0,-0.024,-6509.0,0.0,0.0823,0.0858,24.0,16.0,-185.0,-7560.0,22711.0,111345.0,-0.0112,1.0
2026-02-11,5733.0,5733.0,0.0,700.0,1.0,0.1171,0.1018,23.0,17.0,-868.0,-6297.0,23469.0,115367.0,-0.0112,1.0
2026-02-12,11798.0,13454.0,-0.0431,3358.0,1.0,0.055,0.0287,28.0,11.0,-384.0,-2874.0,4301.0,114195.0,-0.007595,1.0
2026-02-16,10738.0,12013.0,-0.0418,2451.0,1.0,0.0641,0.0361,28.0,11.0,-906.0,-2960.0,924.0,94727.0,-0.00987,1.0
2026-02-17,13691.0,13874.0,-0.0054,-2420.0,0.0,0.0832,0.0584,20.0,20.0,587.0,-2420.0,-2915.0,92743.0,-0.01026,1.0
2026-02-22,6729.0,6719.0,0.0007,-1197.0,0.0,0.1027,0.0716,19.0,21.0,-380.0,2892.0,-5118.0,38266.0,-0.009980000000000001,0.0
2026-02-23,5006.0,4996.0,0.0008,-229.0,0.0,0.2134,0.1503,13.0,25.0,-615.0,1963.0,-5747.0,33157.0,-0.010069999999999999,0.0
2026-02-24,4312.0,4312.0,0.0,2337.0,1.0,0.1262,0.089,19.0,17.0,-370.0,942.0,-3105.0,31403.0,-0.00937,0.0
2026-02-25,6512.0,6443.0,0.0043,613.0,1.0,0.1333,0.1209,20.0,20.0,-159.0,-896.0,-4124.0,32795.0,-0.00822,1.0
2026-02-26,12461.0,12461.0,0.0,8008.0,1.0,0.2042,0.1181,18.0,19.0,3280.0,9532.0,-1389.0,38209.0,-0.0067599999999999995,0.0
2026-03-01,4423.0,4423.0,0.0,-308.0,0.0,0.219,0.1527,9.0,25.0,312.0,10421.0,-4321.0,38435.0,-0.007235,0.0
2026-03-03,2675.0,2675.0,0.0,-292.0,0.0,0.0946,0.0475,19.0,16.0,-193.0,10358.0,6016.0,36469.0,-0.006,0.0
2026-03-09,20.0,20.0,0.0,10.0,1.0,0.5,0.25,2.0,2.0,0.0,8031.0,2655.0,41755.0,-0.006875000000000001,0.0
2026-03-10,19827.0,20682.0,-0.0131,-6681.0,0.0,0.0998,0.0674,20.0,20.0,911.0,737.0,-2426.0,37519.0,-0.0069450000000000015,0.0
2026-03-11,8506.0,9136.0,-0.0274,2520.0,1.0,0.071,0.05,24.0,16.0,1151.0,-4751.0,3667.0,40830.0,-0.007835000000000002,1.0
2026-03-12,11630.0,11736.0,-0.0032,2303.0,1.0,0.0897,0.0606,20.0,20.0,2006.0,-2140.0,3613.0,45566.0,-0.008305,1.0
2026-03-15,15231.0,15041.0,0.0041,-3314.0,0.0,0.1212,0.0782,20.0,20.0,622.0,-5162.0,862.0,44221.0,-0.007215000000000001,1.0
2026-03-16,5166.0,5166.0,0.0,-2613.0,0.0,0.1617,0.1341,15.0,23.0,-366.0,-7785.0,-1686.0,34761.0,-0.007450000000000001,1.0
2026-03-17,12710.0,12517.0,0.0065,-532.0,0.0,0.2498,0.1628,16.0,24.0,-2209.0,-1636.0,-4755.0,35075.0,-0.007240000000000001,1.0
2026-03-19,19323.0,19609.0,-0.0049,4420.0,1.0,0.1054,0.068,20.0,20.0,-1101.0,264.0,2625.0,39673.0,-0.007325000000000001,0.0
2026-03-22,18414.0,18338.0,0.0014,-2207.0,0.0,0.149,0.111,20.0,20.0,0.0,-4246.0,6927.0,37112.0,-0.006055000000000001,1.0
2026-03-23,5286.0,5226.0,0.0043,-965.0,0.0,0.0989,0.0609,18.0,21.0,-1004.0,-1897.0,5262.0,35662.0,-0.00584,1.0
2026-03-24,9308.0,9513.0,-0.0079,-310.0,0.0,0.0775,0.0534,20.0,20.0,-1263.0,406.0,1594.0,36782.0,-0.004080000000000001,0.0
2026-03-25,9012.0,9154.0,-0.0053,-3113.0,0.0,0.2014,0.1347,20.0,20.0,-133.0,-2175.0,-3970.0,35315.0,-0.002255000000000001,1.0
2026-03-26,4762.0,4762.0,0.0,-2173.0,0.0,0.098,0.0598,19.0,19.0,580.0,-8768.0,-3723.0,33418.0,-0.001985000000000001,1.0
2026-03-29,6136.0,6096.0,0.0025,1114.0,1.0,0.1034,0.069,17.0,23.0,-955.0,-5447.0,-1412.0,33923.0,-0.0018950000000000009,1.0
2026-03-30,8276.0,8137.0,0.0069,-1026.0,0.0,0.1333,0.1253,20.0,20.0,-422.0,-5508.0,-2209.0,33495.0,-0.0015900000000000011,1.0
2026-03-31,9520.0,10459.0,-0.0359,560.0,1.0,0.068,0.0537,20.0,19.0,-216.0,-4638.0,-3986.0,27231.0,-0.0033850000000000013,1.0
2026-04-01,9828.0,9921.0,-0.0036,3183.0,1.0,0.1091,0.0853,24.0,15.0,-222.0,1658.0,-1416.0,32396.0,-0.0037800000000000012,0.0
2026-04-02,10945.0,11720.0,-0.0216,1445.0,1.0,0.078,0.0424,24.0,16.0,1522.0,5276.0,-7979.0,32381.0,-0.0048600000000000015,0.0
2026-04-05,15049.0,16077.0,-0.022,5040.0,1.0,0.0693,0.0389,21.0,19.0,1816.0,9202.0,-2631.0,39421.0,-0.005960000000000002,0.0
2026-04-06,6132.0,6187.0,-0.0024,777.0,1.0,0.0934,0.054,20.0,20.0,0.0,11005.0,-1562.0,40368.0,-0.006080000000000001,0.0
2026-04-07,9050.0,9456.0,-0.0161,4197.0,1.0,0.0918,0.0772,26.0,14.0,851.0,14642.0,2625.0,40832.0,-0.0068850000000000005,0.0
2026-04-08,5468.0,5538.0,-0.004,1136.0,1.0,0.0998,0.0577,21.0,18.0,871.0,12595.0,10442.0,39955.0,-0.006430000000000001,0.0
2026-04-09,5969.0,5969.0,0.0,479.0,1.0,0.1405,0.1031,18.0,22.0,319.0,11629.0,8401.0,41864.0,-0.00506,0.0
2026-04-10,10008.0,10054.0,-0.0018,-97.0,0.0,0.0954,0.0673,20.0,20.0,-185.0,6492.0,6001.0,43311.0,-0.0049900000000000005,0.0
2026-04-13,16490.0,15569.0,0.0219,591.0,1.0,0.124,0.0974,20.0,20.0,548.0,6306.0,9906.0,42159.0,-0.004100000000000001,0.0
2026-04-15,7646.0,7575.0,0.0034,-1999.0,0.0,0.1417,0.0917,20.0,20.0,-305.0,110.0,10520.0,34395.0,-0.003930000000000001,0.0
2026-04-16,364738.0,548859.0,-0.156,-75279.0,0.0,0.0886,0.0704,31.0,8.0,-138011.0,-76305.0,-64227.0,-38997.0,-0.012055000000000001,1.0
2026-04-17,202681.0,288825.0,-0.1576,129394.0,1.0,0.0629,0.0409,34.0,6.0,16255.0,52610.0,60747.0,89969.0,-0.019690000000000003,0.0
2026-04-20,125625.0,173672.0,-0.1184,63203.0,1.0,0.0588,0.0326,27.0,13.0,-5110.0,115910.0,126157.0,155795.0,-0.02568,0.0
2026-04-21,34692.0,44538.0,-0.0682,13027.0,1.0,0.0745,0.0385,20.0,20.0,4457.0,128346.0,140149.0,168880.0,-0.029304999999999998,0.0
2026-04-22,42915.0,50994.0,-0.0486,-2193.0,0.0,0.0604,0.0256,20.0,20.0,-303.0,128152.0,138266.0,144161.0,-0.03134,0.0
2026-04-23,53939.0,62452.0,-0.0452,-25026.0,0.0,0.0848,0.0504,20.0,20.0,-368.0,178405.0,116353.0,113307.0,-0.033335,0.0
2026-04-24,37465.0,43348.0,-0.0551,6619.0,1.0,0.0804,0.0621,20.0,20.0,1294.0,55630.0,125145.0,118507.0,-0.03609,0.0
2026-04-27,18734.0,19851.0,-0.0188,2262.0,1.0,0.0685,0.0435,20.0,20.0,0.0,-5311.0,126293.0,119763.0,-0.037155,1.0
2026-04-28,43236.0,52550.0,-0.061,-16248.0,0.0,0.0613,0.0339,20.0,20.0,-294.0,-34586.0,111071.0,103115.0,-0.040549999999999996,1.0
2026-04-29,45250.0,49611.0,-0.0281,-21855.0,0.0,0.0711,0.0366,20.0,20.0,868.0,-54248.0,88656.0,81565.0,-0.04016,1.0
2026-04-30,47292.0,48854.0,-0.0123,15687.0,1.0,0.1816,0.1394,20.0,20.0,-2828.0,-13535.0,101160.0,95620.0,-0.040595,1.0
2026-05-04,38469.0,43209.0,-0.0439,9874.0,1.0,0.071,0.0454,20.0,20.0,2772.0,-10280.0,109589.0,100221.0,-0.041710000000000004,1.0
2026-05-05,33696.0,39440.0,-0.0501,19425.0,1.0,0.0919,0.0679,27.0,13.0,2399.0,6883.0,123974.0,117022.0,-0.043115,0.0
2026-05-06,21980.0,23817.0,-0.0311,178.0,1.0,0.1033,0.0884,23.0,17.0,-5361.0,23309.0,123375.0,127829.0,-0.04454999999999999,0.0
2026-05-07,14500.0,15379.0,-0.0212,-853.0,0.0,0.0781,0.0501,20.0,20.0,0.0,44311.0,118325.0,123605.0,-0.044805,0.0
