symbol,name,sector,cmp,previousClose,change,changePercent,volume,avgVolume20d,high52w,low52w,eps,pe,pb,roe,dividendYield,bookValue,marketCap,open,high,low,totalTrades,turnover
ACLBSL,Aarambha Chautari Laghubitta Bittiya Sanstha Limited,Microfinance,950.0,949.8,0.2,0.02,92,78,1240.0,827.9,52.78,18.0,2.5,16.0,3.0,380.0,17480000.0,949.8,950.0,940.0,8,86704.3
ADBL,Agricultural Development Bank Limited,Development Bank,308.0,305.0,3.0,0.98,14376,12219,344.9,272.3,23.69,13.0,1.3,12.0,6.0,236.92,885561600.0,305.0,308.0,305.0,132,4404348.8
AHL,Asian Hydropower Limited,Hydropower,510.0,510.0,0.0,0.0,11662,9912,721.0,461.1,23.18,22.0,2.0,10.0,3.0,255.0,1189524000.0,505.0,515.0,495.0,74,5910499.9
AHPC,Arun Valley Hydropower Development Company Limited,Hydropower,274.9,274.1,0.8,0.29,94515,80337,334.0,250.1,12.5,22.0,2.0,10.0,3.0,137.45,5196434699.999999,260.4,278.1,260.4,302,25689011.5
AKJCL,Ankhukhola Hydropower Company Limited,Hydropower,346.9,349.9,-3.0,-0.86,235332,200032,431.8,172.9,15.77,22.0,2.0,10.0,3.0,173.45,16327334160.0,332.7,352.6,332.7,420,81149934.7
AKPL,Arun Kabeli Power Limited,Hydropower,263.1,262.0,1.1,0.42,68258,58019,317.0,227.5,11.96,22.0,2.0,10.0,3.0,131.55,3591735960.0,264.0,264.0,260.0,258,17865216.3
ALBSL,Asha Laghubitta Bittiya Sanstha Limited,Microfinance,1106.0,1105.0,1.0,0.09,4143,3521,1334.0,775.1,61.44,18.0,2.5,16.0,3.0,442.4,916431600.0,1088.0,1119.0,1088.0,104,4531037.2
ALICL,Asian Life Insurance Company Limited,Insurance,450.8,449.5,1.3,0.29,4054,3445,759.0,430.0,25.04,18.0,2.2,13.0,4.0,204.91,365508640.0,446.2,454.0,445.6,45,1817409.6
ANLB,Aatmanirbhar Laghubitta Bittiya Sanstha Limited,Microfinance,5919.9,5950.0,-30.1,-0.51,687,583,6989.0,5055.2,328.88,18.0,2.5,16.0,3.0,2367.96,813394260.0,5772.0,5919.9,5607.2,27,3903167.0
API,Api Power Company Limited,Hydropower,332.3,331.0,1.3,0.39,210088,178574,368.9,258.8,15.1,22.0,2.0,10.0,3.0,166.15,13962448480.000002,333.8,335.0,329.7,415,69834265.2
AVYAN,Aviyan Laghubitta Bittiya Sanstha Limited,Microfinance,1117.9,1118.0,-0.1,-0.01,1461,1241,1366.0,906.0,62.11,18.0,2.5,16.0,3.0,447.16,326650380.0,1120.0,1120.0,1100.4,36,1630401.0
BANDIPUR,Bandipur Cable Car and Tourism Limited,Hotel & Tourism,803.0,803.0,0.0,0.0,25441,21624,1233.0,285.0,32.12,25.0,1.8,8.0,2.0,446.11,4085824600.0,803.0,805.0,790.0,478,20316823.5
BARUN,Barun Hydropower Company Limited,Hydropower,336.0,338.0,-2.0,-0.59,18731,15921,570.0,292.1,15.27,22.0,2.0,10.0,3.0,168.0,1258723200.0,340.0,340.0,335.6,113,6317726.3
BBC,Bishal Bazar Company Limited,Others,4799.0,4715.1,83.9,1.78,301,255,6448.0,4480.0,266.61,18.0,1.5,10.0,2.5,3199.33,288899800.0,4814.0,4814.0,4722.1,20,1429893.0
BEDC,Bhugol Energy Development Company Limited,Hydropower,354.7,353.0,1.7,0.48,23449,19931,872.0,345.0,16.12,22.0,2.0,10.0,3.0,177.35,1663472060.0,359.6,359.6,350.0,183,8255312.7
BFC,Best Finance Company Limited,Finance,450.0,452.0,-2.0,-0.44,5603,4762,579.9,411.5,37.5,12.0,1.2,11.0,5.0,375.0,504270000.0,456.0,457.0,447.0,39,2517542.5
BGWT,Bhagawati Hydropower Development Company Limited,Hydropower,638.0,628.6,9.4,1.5,7379,6272,1110.0,586.5,29.0,22.0,2.0,10.0,3.0,319.0,941560400.0,647.4,650.0,592.0,102,4600488.5
BHCL,Bikash Hydropower Company Limited,Hydropower,497.6,498.8,-1.2,-0.24,9253,7865,699.0,292.1,22.62,22.0,2.0,10.0,3.0,248.8,920858560.0,500.0,505.0,496.0,217,4615415.7
BHDC,Bindhyabasini Hydropower Development Company Limited,Hydropower,459.9,453.2,6.7,1.48,9052,7694,706.0,426.0,20.9,22.0,2.0,10.0,3.0,229.95,832602960.0,466.7,480.0,448.0,70,4125988.3
BHL,Balephi Hydropower Limited,Hydropower,216.5,215.8,0.7,0.32,86014,73111,264.4,164.0,9.84,22.0,2.0,10.0,3.0,108.25,3724406200.0,214.0,218.0,214.0,383,18592169.6
BHPL,Barahi Hydropower Public Limited,Hydropower,517.0,514.1,2.9,0.56,5397,4587,1308.4,501.0,23.5,22.0,2.0,10.0,3.0,258.5,558049800.0,520.0,520.0,511.0,55,2778182.3
BJHL,Bhujung Hydropower Limited,Hydropower,978.0,962.1,15.9,1.65,10486,8913,1305.0,270.1,44.45,22.0,2.0,10.0,3.0,489.0,2051061600.0,975.0,990.0,955.0,325,10209205.9
BNHC,Buddha Bhumi Nepal Hydropower Company Limited,Hydropower,317.0,314.5,2.5,0.79,1440,1224,613.8,313.0,14.41,22.0,2.0,10.0,3.0,158.5,91296000.0,315.0,320.0,315.0,39,457102.6
BNL,Bottlers Nepal Limited (Balaju),Others,14800.0,15198.0,-398.0,-2.62,20,17,18399.9,14635.8,822.22,18.0,1.5,10.0,2.5,9866.67,59200000.0,14800.0,14800.0,14800.0,2,296000.0
BPCL,Butwal Power Company Limited,Hydropower,656.2,657.9,-1.7,-0.26,11942,10150,1065.0,440.1,29.83,22.0,2.0,10.0,3.0,328.1,1567268080.0,689.1,689.1,656.0,100,7878574.9
BUNGAL,Bungal Hydro Limited,Hydropower,562.0,565.0,-3.0,-0.53,3992,3393,822.0,302.4,25.55,22.0,2.0,10.0,3.0,281.0,448700800.0,560.0,570.0,557.1,138,2244910.1
C30MF,Citizens Super 30 Mutual Fund,Others,9.77,9.9,-0.13,-1.31,400,340,10.71,8.7,0.54,18.0,1.5,10.0,2.5,6.51,1000000.0,10.0,10.0,9.75,4,3952.0
CBBL,Chhimek Laghubitta Bittiya Sanstha Limited,Microfinance,900.0,904.0,-4.0,-0.44,23285,19792,1144.8,842.1,50.0,18.0,2.5,16.0,3.0,360.0,4191300000.0,910.0,914.0,894.0,258,21013448.1
CBLD88,10.25% Civil Bank Debenture 2088,Commercial Bank,1183.0,1190.0,-7.0,-0.59,25,21,1325.0,1108.0,78.87,15.0,1.5,14.0,7.0,788.67,5915000.0,1183.0,1183.0,1183.0,1,29575.0
CCBD88,10.50% Century Debenture 2088,Others,1201.0,1225.1,-24.1,-1.97,25,21,1297.4,1126.0,66.72,18.0,1.5,10.0,2.5,800.67,6005000.0,1201.2,1201.2,1201.0,2,30028.0
CFCL,Central Finance Limited,Finance,487.0,491.6,-4.6,-0.94,2534,2153,608.5,445.1,40.58,12.0,1.2,11.0,5.0,405.83,246811600.0,493.0,493.0,486.0,28,1240005.5
CGH,Chandragiri Hills Limited,Others,803.4,802.0,1.4,0.17,4799,4079,1150.0,798.0,44.63,18.0,1.5,10.0,2.5,535.6,771103320.0,802.3,810.0,800.0,65,3850762.1
CHCL,Chilime Hydro power Company Limited,Hydropower,470.0,474.0,-4.0,-0.84,51185,43507,599.6,450.3,21.36,22.0,2.0,10.0,3.0,235.0,4811390000.0,450.3,480.0,450.3,238,24086286.3
CHDC,CEDB Holdings Limited,Others,2210.2,2200.0,10.2,0.46,7554,6420,2997.9,1990.0,122.79,18.0,1.5,10.0,2.5,1473.47,3339170160.0,2177.0,2220.0,2177.0,123,16636387.3
CHL,Chhyangdi Hydropower Company Limited,Hydropower,284.0,284.0,0.0,0.0,8936,7595,524.2,223.4,12.91,22.0,2.0,10.0,3.0,142.0,507564800.0,281.5,288.9,281.5,74,2548375.7
CIT,Citizen Investment Trust,Others,1760.0,1765.0,-5.0,-0.28,3489,2965,2168.0,1699.9,97.78,18.0,1.5,10.0,2.5,1173.33,1228128000.0,1770.0,1770.0,1750.0,108,6124566.6
CITY,City Hotel Limited,Hotel & Tourism,420.1,424.0,-3.9,-0.92,9785,8317,998.4,420.1,16.8,25.0,1.8,8.0,2.0,233.39,822135700.0,427.0,436.0,420.1,124,4153234.1
CKHL,Chirkhwa Hydro Power Limited,Hydropower,683.0,689.0,-6.0,-0.87,520,442,804.0,550.0,31.05,22.0,2.0,10.0,3.0,341.5,71032000.0,672.0,690.0,672.0,16,351341.0
CLI,Citizen Life Insurance Company Limited,Insurance,452.0,450.9,1.1,0.24,5216,4433,540.0,411.0,25.11,18.0,2.2,13.0,4.0,205.45,471526400.0,450.9,459.0,447.1,167,2356460.5
CORBL,Corporate Development Bank Limited,Development Bank,2000.0,1977.0,23.0,1.16,4456,3787,3183.0,1431.0,153.85,13.0,1.3,12.0,6.0,1538.46,1782400000.0,1944.2,2000.0,1944.1,80,8765853.9
CREST,Crest Micro Life Insurance Limited,Insurance,1073.8,1073.9,-0.1,-0.01,4614,3921,2458.2,985.2,59.66,18.0,2.2,13.0,4.0,488.09,990902640.0,1127.5,1127.5,1055.0,130,4918710.5
CSY,Citizens Santulit Yojana,Others,9.41,9.22,0.19,2.06,24700,20995,10.0,8.87,0.52,18.0,1.5,10.0,2.5,6.27,46485400.0,9.25,9.55,9.25,40,235013.0
CYCL,CYC Nepal Laghubitta Bittiya Sanstha Limited,Microfinance,1457.0,1453.3,3.7,0.25,495,420,2040.0,1431.1,80.94,18.0,2.5,16.0,3.0,582.8,144243000.0,1453.3,1484.8,1453.1,20,725109.7
CZBIL,Citizens Bank International Limited,Commercial Bank,202.1,202.0,0.1,0.05,24706,21000,240.1,183.0,13.47,15.0,1.5,14.0,7.0,134.73,998616519.9999999,204.9,204.9,200.8,141,5016478.8
CZBILP,Citizens Bank International Limited Promoter Share,Commercial Bank,109.0,106.9,2.1,1.96,19786,16818,109.0,106.9,7.27,15.0,1.5,14.0,7.0,72.67,431334800.0,109.0,109.0,109.0,1,2156674.0
DDBL,Deprosc Laghubitta Bittiya Sanstha Limited,Microfinance,847.9,841.0,6.9,0.82,6877,5845,1010.0,760.2,47.11,18.0,2.5,16.0,3.0,339.16,1166201660.0,841.1,853.0,841.1,82,5814302.5
DHEL,Daramkhola Hydro Energy Limited,Hydropower,581.2,585.0,-3.8,-0.65,6882,5849,918.9,402.2,26.42,22.0,2.0,10.0,3.0,290.6,799963680.0000001,579.5,587.0,576.0,187,3999155.8
DHPL,Dibyashwari Hydropower Company Limited,Hydropower,293.0,293.0,0.0,0.0,4296,3651,392.0,265.0,13.32,22.0,2.0,10.0,3.0,146.5,251745600.0,293.0,295.0,290.0,27,1252432.5
DLBS,Dhaulagiri Laghubitta Bittiya Sanstha Limited,Microfinance,1278.2,1308.0,-29.8,-2.28,891,757,1684.0,1240.0,71.01,18.0,2.5,16.0,3.0,511.28,227775240.0,1271.0,1309.1,1271.0,27,1151279.0
DOLTI,Dolti Power Company Ltd,Hydropower,336.9,345.6,-8.7,-2.52,51485,43762,642.6,330.1,15.31,22.0,2.0,10.0,3.0,168.45,3469059300.0,355.0,355.0,330.1,315,17383392.2
DORDI,Dordi Khola Hydropower Company Limited,Hydropower,266.5,271.0,-4.5,-1.66,48367,41111,450.0,213.1,12.11,22.0,2.0,10.0,3.0,133.25,2577961100.0,270.0,274.0,265.0,216,12918769.5
EBL,Everest Bank Limited,Commercial Bank,701.0,699.0,2.0,0.29,21603,18362,780.6,610.0,46.73,15.0,1.5,14.0,7.0,467.33,3028740600.0,710.0,720.0,699.0,171,15246467.2
EBLD91,7.50% Everest Bank Limited Debenture  2091,Commercial Bank,1081.0,1081.0,0.0,0.0,125,106,1142.4,994.4,72.07,15.0,1.5,14.0,7.0,720.67,27025000.0,1075.0,1081.0,1075.0,5,134900.0
EDBL,Excel Development Bank Limited,Development Bank,572.0,572.0,0.0,0.0,1831,1556,717.3,545.0,44.0,13.0,1.3,12.0,6.0,440.0,209466400.0,571.0,575.9,563.1,15,1043573.1
EHPL,Eastern Hydropower Limited,Hydropower,384.0,383.0,1.0,0.26,8999,7649,685.0,370.0,17.45,22.0,2.0,10.0,3.0,192.0,691123200.0,370.0,390.0,370.0,97,3424348.5
ENL,Emerging Nepal Limited,Others,889.0,895.0,-6.0,-0.67,1459,1240,1225.0,852.6,49.39,18.0,1.5,10.0,2.5,592.67,259410200.0,890.0,890.0,875.0,27,1283997.0
FMDBL,First Microfinance Laghubitta Bittiya Sanstha Limited,Microfinance,800.0,780.0,20.0,2.56,21452,18234,1038.8,728.2,44.44,18.0,2.5,16.0,3.0,320.0,3432320000.0,760.0,807.0,760.0,181,17112045.3
FOWAD,Forward Microfinance Laghubitta Bittiya Sanstha Limited,Microfinance,1127.9,1300.0,-172.1,-13.24,64768,55052,1364.0,1012.4,62.66,18.0,2.5,16.0,3.0,451.16,14610365440.0,1364.0,1364.0,1105.0,708,72308753.2
GBBD85,8.75% Garima Debenture 2085,Others,1075.0,1075.0,0.0,0.0,166,141,1135.0,1030.0,59.72,18.0,1.5,10.0,2.5,716.67,35690000.0,1072.0,1075.0,1072.0,7,178140.1
GBBL,Garima Bikas Bank Limited,Development Bank,414.0,414.0,0.0,0.0,21976,18679,498.0,367.4,31.85,13.0,1.3,12.0,6.0,318.46,1819612800.0,414.0,414.0,410.1,116,9076050.9
GBILD84/85,11.25% Global IME Bank Debenture 2084/85,Commercial Bank,1125.0,1121.0,4.0,0.36,22,18,1238.0,1104.0,75.0,15.0,1.5,14.0,7.0,750.0,4950000.0,1125.0,1125.0,1125.0,1,24750.0
GBIME,Global IME Bank Limited,Commercial Bank,231.0,231.0,0.0,0.0,62281,52938,278.9,213.0,15.4,15.0,1.5,14.0,7.0,154.0,2877382200.0,231.0,232.5,228.6,292,14311859.3
GBIMESY2,Global IME Samunnat Yojana -II,Others,9.55,9.5,0.05,0.53,5820,4947,10.18,8.5,0.53,18.0,1.5,10.0,2.5,6.37,11116200.000000002,9.5,9.78,9.4,18,55954.0
GBLBS,Grameen Bikas Laghubitta Bittiya Sanstha Limited,Microfinance,762.9,744.0,18.9,2.54,3712,3155,950.0,698.0,42.38,18.0,2.5,16.0,3.0,305.16,566376960.0,744.0,763.8,733.3,74,2791193.1
GCIL,Ghorahi Cement Industry Limited,Manufacturing,414.0,419.0,-5.0,-1.19,9562,8127,579.0,400.0,20.7,20.0,1.6,10.0,3.0,258.75,791733600.0,415.0,416.0,410.0,112,3947423.0
GFCL,Goodwill Finance Company Limited,Finance,610.0,603.0,7.0,1.16,4388,3729,756.8,528.3,50.83,12.0,1.2,11.0,5.0,508.33,535336000.0,600.0,615.0,598.0,40,2663833.7
GHL,Ghalemdi Hydro Limited,Hydropower,231.9,232.0,-0.1,-0.04,51383,43675,290.0,197.1,10.54,22.0,2.0,10.0,3.0,115.95,2383143540.0,232.0,233.9,230.0,192,11874560.0
GIBF1,Global IME Balanced Fund-I,Others,10.55,10.56,-0.01,-0.09,2650,2252,11.68,9.3,0.59,18.0,1.5,10.0,2.5,7.03,5591500.000000001,10.56,10.56,10.51,16,27914.0
GILB,Global IME Laghubitta Bittiya Sanstha Limited,Microfinance,1100.0,1080.0,20.0,1.85,1004,853,1441.6,1075.0,61.11,18.0,2.5,16.0,3.0,440.0,220880000.0,1089.0,1100.0,1080.0,30,1095151.2
GLBSL,Gurans Laghubitta Bittiya Sanstha Limited,Microfinance,1790.0,1760.0,30.0,1.7,193,164,3097.0,1705.2,99.44,18.0,2.5,16.0,3.0,716.0,69094000.0,1760.0,1790.0,1760.0,9,344690.8
GLH,Greenlife Hydropower Limited,Hydropower,264.3,261.8,2.5,0.95,25567,21731,328.2,227.4,12.01,22.0,2.0,10.0,3.0,132.15,1351471620.0,261.0,265.0,260.0,153,6686847.3
GMFBS,Ganapati Laghubitta Bittiya Sanstha Limited,Microfinance,1305.0,1273.8,31.2,2.45,233,198,1871.0,1259.1,72.5,18.0,2.5,16.0,3.0,522.0,60813000.0,1312.0,1312.0,1275.1,10,300348.1
GMFIL,Guheswori Merchant Banking & Finance Limited,Commercial Bank,456.0,456.0,0.0,0.0,6482,5509,557.0,393.1,30.4,15.0,1.5,14.0,7.0,304.0,591158400.0,455.0,459.0,450.3,35,2928959.4
GMLI,Guardian Micro Life Insurance Limited,Insurance,1281.0,1280.0,1.0,0.08,860,731,2699.0,1236.0,71.17,18.0,2.2,13.0,4.0,582.27,220332000.0,1280.0,1318.0,1257.3,43,1093354.0
GRDBL,Green Development Bank Limited,Development Bank,1040.0,1050.0,-10.0,-0.95,9061,7701,1668.4,944.0,80.0,13.0,1.3,12.0,6.0,800.0,1884688000.0,1031.1,1060.0,1031.1,154,9411986.1
GSY,Garima Samriddhi Yojana,Others,9.7,9.7,0.0,0.0,5294,4499,10.4,8.7,0.54,18.0,1.5,10.0,2.5,6.47,10270360.0,9.52,9.8,9.52,15,51139.8
GUFL,Gurkhas Finance Limited,Finance,517.9,519.0,-1.1,-0.21,7152,6079,644.0,460.6,43.16,12.0,1.2,11.0,5.0,431.58,740804160.0,528.0,528.0,515.1,64,3698658.1
GVL,Green Ventures Limited,Others,486.1,485.5,0.6,0.12,14418,12255,662.0,430.2,27.01,18.0,1.5,10.0,2.5,324.07,1401717960.0000002,480.0,491.0,478.0,107,7046389.7
H8020,Himalayan 80-20,Others,11.64,11.26,0.38,3.37,1415,1202,12.21,10.0,0.65,18.0,1.5,10.0,2.5,7.76,3294120.0000000005,11.26,12.0,11.26,7,16459.5
HATHY,Hathway Investment Nepal Limited,Others,806.0,802.0,4.0,0.5,3453,2935,1382.4,790.0,44.78,18.0,1.5,10.0,2.5,537.33,556623600.0,795.6,813.0,795.0,77,2765757.9
HBL,Himalayan Bank Limited,Commercial Bank,204.8,200.8,4.0,1.99,32152,27329,261.0,184.0,13.65,15.0,1.5,14.0,7.0,136.53,1316945920.0,200.1,204.8,200.0,689,6481992.9
HBLPO,Himalayan Bank Limited Promoter,Commercial Bank,115.0,127.0,-12.0,-9.45,155559,132225,133.0,115.0,7.67,15.0,1.5,14.0,7.0,76.67,3577857000.0,123.2,123.2,115.0,6,17889473.5
HDHPC,Himal Dolakha Hydropower Company Limited,Hydropower,216.5,218.0,-1.5,-0.69,189470,161049,274.0,162.0,9.84,22.0,2.0,10.0,3.0,108.25,8204051000.0,218.0,222.7,215.0,455,41087929.0
HDL,Himalayan Distillery Limited,Manufacturing,1149.8,1151.0,-1.2,-0.1,21996,18696,1556.1,1103.0,57.49,20.0,1.6,10.0,3.0,718.62,5058200160.0,1153.0,1160.0,1148.0,332,25299539.4
HEI,Himalayan Everest Insurance Limited,Insurance,520.0,519.0,1.0,0.19,1186,1008,654.0,458.0,28.89,18.0,2.2,13.0,4.0,236.36,123344000.0,530.0,530.0,515.1,25,615832.0
HEIP,Himalayan Everest Insurance Limited Promoter,Insurance,309.1,317.1,-8.0,-2.52,10,8,398.0,293.1,17.17,18.0,2.2,13.0,4.0,140.5,1000000.0,309.1,309.1,309.1,1,3091.0
HFIN,Hotel Forest Inn Limited,Hotel & Tourism,994.4,988.0,6.4,0.65,37729,32069,1450.6,101.7,39.78,25.0,1.8,8.0,2.0,552.44,7503543520.0,988.0,1004.0,986.0,1381,37431526.6
HHL,Himalayan Hydropower Limited,Hydropower,368.0,369.0,-1.0,-0.27,26160,22236,499.1,310.7,16.73,22.0,2.0,10.0,3.0,184.0,1925376000.0,368.2,372.8,366.1,119,9657725.5
HIDCL,Hydroelectricity Investment and Development Company Limited,Hydropower,264.8,263.9,0.9,0.34,42077,35765,330.3,245.0,12.04,22.0,2.0,10.0,3.0,132.4,2228397920.0,266.0,266.8,262.0,236,11125942.2
HIDCLP,Hydroelectricity Investment and Development Company Limited Promoter Share,Hydropower,200.7,199.7,1.0,0.5,130437,110871,239.0,174.4,9.12,22.0,2.0,10.0,3.0,100.35,5235741180.0,201.7,202.0,199.1,195,26171195.5
HIMSTAR,Him Star Urja Company Limited,Others,867.0,840.0,27.0,3.21,4595,3905,1264.0,252.2,48.17,18.0,1.5,10.0,2.5,578.0,796773000.0,836.1,875.0,836.1,113,3942577.3
HLBSL,Himalayan Laghubitta Bittiya Sanstha Limited (Former Civil Laghubitta),Microfinance,890.0,895.0,-5.0,-0.56,496,421,1100.0,837.0,49.44,18.0,2.5,16.0,3.0,356.0,88288000.0,872.6,898.0,872.3,13,439178.2
HLI,Himalayan Life Insurance Limited,Insurance,337.0,335.0,2.0,0.6,41805,35534,464.0,334.0,18.72,18.0,2.2,13.0,4.0,153.18,2817657000.0,338.0,338.0,335.0,341,14042503.2
HLICF,HLI Large Cap Fund,Others,9.2,9.2,0.0,0.0,7680,6528,10.55,8.74,0.51,18.0,1.5,10.0,2.5,6.13,14131200.0,9.0,9.3,9.0,10,71274.5
HPPL,Himalayan Power Partner Limited,Hydropower,370.0,365.0,5.0,1.37,33180,28203,613.0,355.1,16.82,22.0,2.0,10.0,3.0,185.0,2455320000.0,358.0,370.0,358.0,134,12065415.3
HRL,Himalayan Reinsurance Limited,Insurance,661.1,654.2,6.9,1.05,47335,40234,1139.9,627.0,36.73,18.0,2.2,13.0,4.0,300.5,6258633700.0,650.0,662.0,650.0,633,31220284.9
HURJA,Himalaya Urja Bikas Company Limited,Others,247.5,246.9,0.6,0.24,34333,29183,312.1,204.6,13.75,18.0,1.5,10.0,2.5,165.0,1699483500.0,249.0,249.4,246.0,142,8505046.6
ICFC,ICFC Finance Limited,Finance,624.0,623.0,1.0,0.16,3591,3052,730.9,555.0,52.0,12.0,1.2,11.0,5.0,520.0,448156800.0,620.0,627.7,620.0,30,2234403.4
ICFCD88,9% ICFC Finance Limited Debenture 2088,Finance,1142.0,1170.0,-28.0,-2.39,25,21,1216.0,1053.6,95.17,12.0,1.2,11.0,5.0,951.67,5710000.0,1142.0,1142.0,1142.0,1,28550.0
ICFCD89,8% ICFC  Finance Limited Debenture 2089,Finance,1083.1,1085.1,-2.0,-0.18,220,187,1115.0,1020.0,90.26,12.0,1.2,11.0,5.0,902.58,47656399.99999999,1084.1,1090.0,1083.1,13,238707.0
IGI,IGI Prudential Insurance Limited,Insurance,425.0,424.5,0.5,0.12,5736,4875,600.0,392.0,23.61,18.0,2.2,13.0,4.0,193.18,487560000.0,422.5,430.0,422.0,43,2432836.3
IHL,Ingwa Hydropower Ltd,Hydropower,398.0,397.8,0.2,0.05,2314,1966,640.0,388.1,18.09,22.0,2.0,10.0,3.0,199.0,184194400.0,390.0,399.9,390.0,40,915815.2
ILBS,Infinity Laghubitta Bittiya Sanstha Limited,Microfinance,944.0,926.0,18.0,1.94,3326,2827,1311.0,795.2,52.44,18.0,2.5,16.0,3.0,377.6,627948800.0,952.9,952.9,931.0,37,3127428.1
ILI,IME Life Insurance Company Limited,Insurance,434.5,433.0,1.5,0.35,4757,4043,500.0,405.0,24.14,18.0,2.2,13.0,4.0,197.5,413383300.0,432.0,435.9,430.0,197,2059512.8
JBBL,Jyoti Bikash Bank Limited,Commercial Bank,354.9,352.7,2.2,0.62,27042,22985,413.0,295.0,23.66,15.0,1.5,14.0,7.0,236.6,1919441159.9999998,356.0,356.1,352.5,100,9580930.4
JBLB,Jeevan Bikas Laghubitta Bittiya Sanstha Limited,Microfinance,1315.0,1299.0,16.0,1.23,9221,7837,1644.0,1219.9,73.06,18.0,2.5,16.0,3.0,526.0,2425123000.0,1300.0,1319.0,1295.0,192,12095019.1
JFL,Janaki Finance Company Limited,Finance,405.0,408.0,-3.0,-0.74,6433,5468,558.0,395.0,33.75,12.0,1.2,11.0,5.0,337.5,521073000.0,406.0,408.0,403.2,64,2609673.8
JHAPA,Jhapa Energy Limited,Hydropower,1795.0,1792.0,3.0,0.17,43094,36629,1835.4,293.4,81.59,22.0,2.0,10.0,3.0,897.5,15470746000.0,1790.0,1810.0,1690.0,515,75921099.6
JOSHI,Joshi Hydropower Development Company Limited,Hydropower,279.8,279.5,0.3,0.11,8895,7560,487.0,254.0,12.72,22.0,2.0,10.0,3.0,139.9,497764200.0,282.0,284.0,275.1,73,2482469.7
JSLBB,Janautthan Samudayic Laghubitta Bittiya Sanstha Limited,Microfinance,1070.0,1060.1,9.9,0.93,63,53,1499.3,1059.0,59.44,18.0,2.5,16.0,3.0,428.0,13482000.0,1065.0,1070.0,1065.0,3,67313.1
KBL,Kumari Bank Limited,Commercial Bank,217.0,216.5,0.5,0.23,131113,111446,256.0,175.5,14.47,15.0,1.5,14.0,7.0,144.67,5690304200.0,216.0,217.7,215.0,411,28362482.2
KBLD89,11% KBL Debenture 2089,Others,1272.0,1235.0,37.0,3.0,25,21,1379.0,1162.6,70.67,18.0,1.5,10.0,2.5,848.0,6360000.0,1272.0,1272.0,1272.0,1,31800.0
KBSH,Kutheli Bukhari Small Hydropower Limited,Hydropower,1500.0,1513.0,-13.0,-0.86,229,194,2189.0,1492.0,68.18,22.0,2.0,10.0,3.0,750.0,68700000.0,1520.0,1520.0,1492.0,11,343914.0
KDBY,Kumari Dhanabriddhi Yojana,Others,11.26,11.41,-0.15,-1.31,8703,7397,12.28,8.67,0.63,18.0,1.5,10.0,2.5,7.51,19599156.0,11.15,11.46,11.15,39,98768.38
KDL,Kalinchowk Darshan Limited,Others,814.0,803.0,11.0,1.37,1948,1655,1212.0,770.0,45.22,18.0,1.5,10.0,2.5,542.67,317134400.0,826.5,826.5,801.0,64,1577076.9
KEF,Kumari Equity Fund,Others,10.64,10.6,0.04,0.38,2600,2210,11.3,8.31,0.59,18.0,1.5,10.0,2.5,7.09,5532800.0,10.54,10.64,10.54,7,27530.0
KKHC,Khani Khola Hydropower Company Limited,Hydropower,261.0,263.4,-2.4,-0.91,21574,18337,475.9,208.0,11.86,22.0,2.0,10.0,3.0,130.5,1126162800.0,263.0,265.0,259.1,114,5628202.1
KMCDB,Kalika Laghubitta Bittiya Sanstha Limited,Microfinance,877.7,870.0,7.7,0.89,492,418,1223.0,860.0,48.76,18.0,2.5,16.0,3.0,351.08,86365680.0,882.0,882.0,870.1,26,430185.4
KPCL,Kalika Power Company Limited,Hydropower,477.0,482.9,-5.9,-1.22,18948,16105,711.0,470.3,21.68,22.0,2.0,10.0,3.0,238.5,1807639200.0,480.3,483.0,470.3,137,9026585.4
KSBBL,Kamana Sewa Bikas Bank Limited,Development Bank,478.0,478.5,-0.5,-0.1,43870,37289,588.0,404.1,36.77,13.0,1.3,12.0,6.0,367.69,4193972000.0,475.0,480.0,462.0,127,20659636.2
KSY,Kumari Sabal Yojana,Others,9.5,9.5,0.0,0.0,200,170,10.51,8.21,0.53,18.0,1.5,10.0,2.5,6.33,1000000.0,9.5,9.5,9.5,2,1900.0
LBBL,Lumbini Bikas Bank Limited,Development Bank,484.9,484.0,0.9,0.19,22282,18939,646.3,385.8,37.3,13.0,1.3,12.0,6.0,373.0,2160908360.0,481.0,484.9,477.0,93,10716510.1
LBBLD89,11% LBBL Debenture 2089,Others,1310.0,1291.7,18.3,1.42,150,127,1346.0,1189.0,72.78,18.0,1.5,10.0,2.5,873.33,39300000.0,1310.0,1310.0,1310.0,3,196500.0
LEC,Liberty Energy Company Limited,Hydropower,221.8,219.0,2.8,1.28,62139,52818,276.0,180.0,10.08,22.0,2.0,10.0,3.0,110.9,2756486040.0,216.0,222.0,216.0,223,13658401.6
LICN,Life Insurance Corporation Nepal Limited,Insurance,812.0,809.0,3.0,0.37,862,732,998.0,773.0,45.11,18.0,2.2,13.0,4.0,369.09,139988800.0,805.3,815.9,805.2,29,699303.3
LLBS,Laxmi Laghubitta Bittiya Sanstha Limited,Microfinance,950.0,925.1,24.9,2.69,275,233,1300.5,819.4,52.78,18.0,2.5,16.0,3.0,380.0,52250000.0,920.0,952.8,920.0,9,259221.0
LSL,Laxmi Sunrise Bank Limited,Commercial Bank,216.7,215.9,0.8,0.37,24370,20714,252.0,201.0,14.45,15.0,1.5,14.0,7.0,144.47,1056195800.0,214.1,216.9,213.9,129,5244333.8
LUK,Laxmi Unnati Kosh,Others,10.1,10.0,0.1,1.0,3800,3230,11.97,8.97,0.56,18.0,1.5,10.0,2.5,6.73,7676000.0,9.97,10.15,9.91,9,38205.0
LVF2,Laxmi Value Fund-II,Others,9.54,9.71,-0.17,-1.75,900,765,11.45,8.76,0.53,18.0,1.5,10.0,2.5,6.36,1717200.0,9.54,9.71,9.54,9,8603.0
MABEL,Mabilung Energy Limited,Hydropower,639.0,643.0,-4.0,-0.62,6460,5491,927.0,317.7,29.05,22.0,2.0,10.0,3.0,319.5,825588000.0,675.0,675.0,630.4,138,4109369.0
MAKAR,Makar Jitumaya Suri Hydropower Company Limited,Hydropower,484.0,485.6,-1.6,-0.33,11905,10119,724.3,455.0,22.0,22.0,2.0,10.0,3.0,242.0,1152404000.0,482.5,487.0,481.7,82,5743892.0
MANDU,Mandu Hydropower Limited,Hydropower,809.8,805.0,4.8,0.6,2310,1963,970.0,766.5,36.81,22.0,2.0,10.0,3.0,404.9,374127600.0,804.0,819.9,802.0,18,1858959.0
MATRI,Matribhumi Laghubitta Bittiya Sanstha Limited,Microfinance,911.8,895.1,16.7,1.87,608,516,1347.0,875.0,50.66,18.0,2.5,16.0,3.0,364.72,110874880.0,875.0,916.0,875.0,22,548154.4
MBJC,Madhya Bhotekoshi Jalavidyut Company Limited,Others,281.0,282.0,-1.0,-0.35,31484,26761,362.0,270.0,15.61,18.0,1.5,10.0,2.5,187.33,1769400800.0,282.0,282.0,279.0,180,8818353.7
MBL,Machhapuchchhre Bank Limited,Commercial Bank,249.0,245.0,4.0,1.63,57939,49248,284.0,205.0,16.6,15.0,1.5,14.0,7.0,166.0,2885362200.0,250.0,250.0,242.6,195,14287578.2
MBLEF,MBL Equity Fund,Others,10.03,10.1,-0.07,-0.69,20100,17085,10.8,8.59,0.56,18.0,1.5,10.0,2.5,6.69,40320600.0,10.0,10.2,10.0,19,201478.0
MCHL,Menchhiyam Hydropower  Limited,Hydropower,298.0,312.0,-14.0,-4.49,28332,24082,610.0,297.2,13.55,22.0,2.0,10.0,3.0,149.0,1688587200.0,312.0,312.0,297.2,208,8510300.5
MDB,Miteri Development Bank Limited,Development Bank,588.0,583.0,5.0,0.86,837,711,729.7,530.5,45.23,13.0,1.3,12.0,6.0,452.31,98431200.0,580.0,588.0,580.0,14,487137.5
MEHL,Manakamana Engineering Hydropower Limited,Hydropower,376.2,373.7,2.5,0.67,1959,1665,519.0,363.1,17.1,22.0,2.0,10.0,3.0,188.1,147395160.0,380.0,386.0,375.0,52,745970.0
MEL,Modi Energy Limited,Hydropower,229.9,229.0,0.9,0.39,13729,11669,350.0,226.0,10.45,22.0,2.0,10.0,3.0,114.95,631259420.0,227.0,230.0,226.0,174,3138727.0
MEN,Mountain Energy Nepal Limited,Hydropower,589.0,583.0,6.0,1.03,35558,30224,683.4,535.0,26.77,22.0,2.0,10.0,3.0,294.5,4188732400.0,580.0,590.0,576.9,212,20849803.6
MERO,Mero Microfinance Laghubitta Bittiya Sanstha Limited,Microfinance,714.9,709.0,5.9,0.83,2336,1985,1000.0,670.0,39.72,18.0,2.5,16.0,3.0,285.96,334001280.0,730.0,730.0,708.1,41,1658352.8
MFIL,Manjushree Finance Limited,Finance,770.7,764.5,6.2,0.81,47948,40755,938.0,545.0,64.23,12.0,1.2,11.0,5.0,642.25,7390704720.0,751.1,773.9,751.1,119,36728373.2
MHCL,Molung Hydropower Company Limited,Hydropower,342.2,345.1,-2.9,-0.84,5571,4735,528.5,325.0,15.55,22.0,2.0,10.0,3.0,171.1,381279240.0,340.0,350.0,340.0,64,1928385.3
MHL,Mandakini Hydropower Limited,Hydropower,499.6,492.0,7.6,1.54,7683,6530,664.0,445.0,22.71,22.0,2.0,10.0,3.0,249.8,767685360.0,489.0,499.6,484.0,72,3762237.8
MHNL,Mountain Hydro Nepal Limited,Hydropower,265.0,259.0,6.0,2.32,17497,14872,324.0,226.0,12.05,22.0,2.0,10.0,3.0,132.5,927341000.0,259.2,282.0,256.6,61,4626772.7
MKCL,Muktinath Krishi Company Limited,Others,1285.0,1280.0,5.0,0.39,889,755,1900.0,1268.0,71.39,18.0,1.5,10.0,2.5,856.67,228473000.0,1268.0,1305.0,1268.0,29,1146644.0
MKHC,Maya Khola Hydropower Company Limited,Hydropower,312.9,312.6,0.3,0.1,9355,7951,503.4,310.5,14.22,22.0,2.0,10.0,3.0,156.45,585435900.0,312.6,315.0,310.5,89,2919309.3
MKHL,Mai Khola Hydropower Limited,Hydropower,508.0,511.0,-3.0,-0.59,4142,3520,1027.0,501.0,23.09,22.0,2.0,10.0,3.0,254.0,420827200.0,521.0,521.0,505.5,58,2122129.0
MKJC,Mailung Khola Jal Vidhyut Company Limited,Others,490.0,494.0,-4.0,-0.81,6926,5887,635.0,469.4,27.22,18.0,1.5,10.0,2.5,326.67,678748000.0,469.4,497.9,469.4,49,3368846.0
MLBBL,Mithila Laghubitta Bittiya Sanstha Limited,Microfinance,1204.0,1195.0,9.0,0.75,1824,1550,1690.0,1143.0,66.89,18.0,2.5,16.0,3.0,481.6,439219200.0,1150.0,1230.0,1143.0,33,2200186.0
MLBL,Mahalaxmi Bikas Bank Limited,Development Bank,365.0,362.5,2.5,0.69,11419,9706,468.6,348.9,28.08,13.0,1.3,12.0,6.0,280.77,833587000.0,362.0,365.0,360.1,76,4141333.1
MLBS,Manushi Laghubitta Bittiya Sanstha Limited,Microfinance,1225.0,1238.0,-13.0,-1.05,290,246,1900.0,1190.0,68.06,18.0,2.5,16.0,3.0,490.0,71050000.0,1201.0,1248.0,1201.0,14,355724.0
MLBSL,Mahila Laghubitta Bittiya Sanstha Limited,Microfinance,1796.0,1750.0,46.0,2.63,483,410,2435.5,1725.0,99.78,18.0,2.5,16.0,3.0,718.4,173493600.0,1764.9,1798.0,1764.9,28,859998.7
MMF1,Mega Mutual Fund - 1,Others,9.63,9.51,0.12,1.26,16420,13957,10.16,8.22,0.54,18.0,1.5,10.0,2.5,6.42,31624920.0,9.79,9.79,9.22,38,154496.0
MMKJL,Mathillo Mailun Khola Jalvidhyut Limited,Others,485.0,485.1,-0.1,-0.02,2024,1720,699.9,473.0,26.94,18.0,1.5,10.0,2.5,323.33,196328000.0,475.0,485.0,473.0,33,968817.4
MNBBL,Muktinath Bikas Bank Limited,Development Bank,368.1,368.0,0.1,0.03,15551,13218,503.0,340.1,28.32,13.0,1.3,12.0,6.0,283.15,1144864620.0,372.0,372.0,365.0,150,5715653.9
MNMF1,Muktinath Mutual Fund 1,Others,9.72,9.81,-0.09,-0.92,1500,1275,10.4,8.53,0.54,18.0,1.5,10.0,2.5,6.48,2916000.0000000005,9.8,9.81,9.72,14,14621.0
MPFL,Multipurpose Finance Company Limited,Finance,604.9,603.9,1.0,0.17,43784,37216,744.0,491.0,50.41,12.0,1.2,11.0,5.0,504.08,5296988320.0,608.0,609.9,603.5,79,26572485.7
MSHL,Mid Solu Hydropower Company Limited,Hydropower,692.0,694.1,-2.1,-0.3,270,229,979.0,691.1,31.45,22.0,2.0,10.0,3.0,346.0,37368000.0,700.0,705.0,692.0,11,188302.4
MSLB,Mahuli Laghubitta Bittiya Sanstha Limited,Microfinance,1238.0,1254.0,-16.0,-1.28,1766,1501,1710.0,1089.9,68.78,18.0,2.5,16.0,3.0,495.2,437261600.0,1220.2,1250.0,1183.6,43,2158204.2
NABBC,Narayani Development Bank Limited,Development Bank,1049.0,1020.0,29.0,2.84,3528,2998,1835.0,662.0,80.69,13.0,1.3,12.0,6.0,806.92,740174400.0,1008.2,1139.0,1008.2,79,3652581.9
NABIL,Nabil Bank Limited,Commercial Bank,523.0,522.3,0.7,0.13,32514,27636,562.0,471.0,34.87,15.0,1.5,14.0,7.0,348.67,3400964400.0,525.0,525.0,522.2,349,17011699.1
NABILD2089,7% Nabil Debenture 2089,Others,1051.0,1045.1,5.9,0.56,50,42,1125.0,1000.0,58.39,18.0,1.5,10.0,2.5,700.67,10510000.0,1051.0,1051.0,1051.0,2,52550.0
NADEP,NADEP Laghubitta Bittiya Sanstha Limited,Microfinance,745.0,738.0,7.0,0.95,856,727,1046.0,696.0,41.39,18.0,2.5,16.0,3.0,298.0,127544000.0,725.0,745.0,718.0,24,624311.4
NBF2,Nabil Balanced Fund - 2,Others,10.0,9.88,0.12,1.21,10340,8789,11.1,8.89,0.56,18.0,1.5,10.0,2.5,6.67,20680000.0,9.86,10.0,9.86,6,103184.0
NBF3,Nabil Balanced Fund III,Others,9.81,9.82,-0.01,-0.1,14500,12325,10.67,8.35,0.55,18.0,1.5,10.0,2.5,6.54,28449000.0,9.54,9.96,9.35,34,140909.0
NBL,Nepal Bank Limited,Commercial Bank,260.1,261.5,-1.4,-0.54,101701,86445,313.0,225.4,17.34,15.0,1.5,14.0,7.0,173.4,5290486020.0,262.0,263.8,259.0,208,26551832.1
NBLD87,8.5% Nepal Bank Debenture 2087,Commercial Bank,1090.0,1121.9,-31.9,-2.84,158,134,1150.0,1015.5,72.67,15.0,1.5,14.0,7.0,726.67,34444000.0,1090.0,1090.0,1090.0,1,172220.0
NESDO,Nesdo Sambridha Laghubitta Bittiya Sanstha Limited,Microfinance,1538.0,1539.0,-1.0,-0.06,649,551,1879.0,1380.1,85.44,18.0,2.5,16.0,3.0,615.2,199632400.0,1515.0,1560.0,1514.0,23,992430.0
NFS,Nepal Finance Limited,Finance,558.5,565.0,-6.5,-1.15,10429,8864,851.0,555.0,46.54,12.0,1.2,11.0,5.0,465.42,1164919300.0,562.0,570.0,558.5,105,5845211.6
NGPL,Ngadi Group Power Limited,Hydropower,431.5,429.4,2.1,0.49,189083,160720,502.0,343.0,19.61,22.0,2.0,10.0,3.0,215.75,16317862900.0,408.0,435.0,408.0,507,81573731.3
NHDL,Nepal Hydro Developer Limited,Hydropower,634.0,624.0,10.0,1.6,767,651,796.0,615.0,28.82,22.0,2.0,10.0,3.0,317.0,97255600.0,642.5,642.5,623.5,14,478732.5
NHPC,National Hydro Power Company Limited,Hydropower,273.0,276.1,-3.1,-1.12,526682,447679,340.0,178.6,12.41,22.0,2.0,10.0,3.0,136.5,28756837200.0,262.3,280.0,262.3,1363,143483008.9
NIBD84,8.5% Nepal Investment Bank Bond 2084,Commercial Bank,1067.0,1052.0,15.0,1.43,25,21,1130.0,1013.1,71.13,15.0,1.5,14.0,7.0,711.33,5335000.0,1067.0,1067.0,1067.0,1,26675.0
NIBLGF,NIBL Growth Fund,Others,9.52,9.5,0.02,0.21,3700,3145,11.81,8.24,0.53,18.0,1.5,10.0,2.5,6.35,7044800.0,9.25,9.52,9.25,8,35058.0
NIBLSTF,NIBL Stable Fund,Others,9.39,9.37,0.02,0.21,4100,3485,10.85,7.95,0.52,18.0,1.5,10.0,2.5,6.26,7699800.0,9.37,9.6,9.09,13,38228.0
NIBSF2,NIBL Samriddhi Fund - 2,Others,9.15,9.3,-0.15,-1.61,10900,9265,11.13,8.06,0.51,18.0,1.5,10.0,2.5,6.1,19947000.0,9.2,9.31,9.15,8,100860.0
NICA,NIC Asia Bank Limited,Commercial Bank,356.0,361.0,-5.0,-1.39,139029,118174,428.4,304.5,23.73,15.0,1.5,14.0,7.0,237.33,9898864800.0,360.1,365.0,356.0,337,50011604.1
NICAD2091,7% NIC Asia Debenture 2091,Others,1047.0,1066.9,-19.9,-1.87,50,42,1102.6,1005.2,58.17,18.0,1.5,10.0,2.5,698.0,10470000.0,1066.0,1066.0,1047.0,2,52825.0
NICBF,NIC ASIA Balanced Fund,Others,9.41,9.33,0.08,0.86,300,255,11.2,8.45,0.52,18.0,1.5,10.0,2.5,6.27,1000000.0,9.4,9.41,9.4,2,2822.0
NICFC,NIC Asia Flexi Cap Fund,Others,9.27,9.4,-0.13,-1.38,5895,5010,10.4,8.37,0.52,18.0,1.5,10.0,2.5,6.18,10929329.999999998,9.13,9.67,9.12,22,54908.7
NICGF2,NIC Asia Growth Fund 2,Others,9.53,9.78,-0.25,-2.56,3282,2789,10.03,8.33,0.53,18.0,1.5,10.0,2.5,6.35,6255492.0,9.49,9.78,9.26,14,30721.46
NICL,Nepal Insurance Company Limited,Insurance,483.9,482.4,1.5,0.31,4191,3562,836.0,475.3,26.88,18.0,2.2,13.0,4.0,219.95,405604980.0,482.0,489.5,482.0,61,2027301.8
NICLBSL,NIC Asia Laghubitta Bittiya Sanstha Limited,Microfinance,578.0,575.0,3.0,0.52,1661,1411,764.0,535.0,32.11,18.0,2.5,16.0,3.0,231.2,192011600.0,564.0,580.0,564.0,38,950066.5
NICSF,NIC Asia Select-30,Others,9.6,9.45,0.15,1.59,200,170,9.99,8.04,0.53,18.0,1.5,10.0,2.5,6.4,1000000.0,9.7,9.7,9.6,2,1930.0
NIFRA,Nepal Infrastructure Bank Limited,Commercial Bank,261.9,260.4,1.5,0.58,60330,51280,328.1,249.9,17.46,15.0,1.5,14.0,7.0,174.6,3160085399.9999995,268.1,268.1,260.0,445,15758983.2
NIFRAGED,6% Nifra Harit Urja Debenture 2088/89,Others,1033.4,1042.0,-8.6,-0.83,50,42,1200.2,948.0,57.41,18.0,1.5,10.0,2.5,688.93,10334000.000000002,1042.0,1042.0,1033.4,2,51885.0
NIL,Neco Insurance Limited,Insurance,597.0,595.0,2.0,0.34,1606,1365,783.9,562.0,33.17,18.0,2.2,13.0,4.0,271.36,191756400.0,595.0,607.7,590.0,25,956762.0
NIMB,Nepal Investment Mega Bank Limited,Commercial Bank,198.0,197.0,1.0,0.51,66306,56360,247.0,184.2,13.2,15.0,1.5,14.0,7.0,132.0,2625717600.0,196.0,199.9,195.0,262,13069001.5
NIMBPO,Nepal Investment Mega Bank Ltd. Promoter Share,Commercial Bank,148.2,148.1,0.1,0.07,17,14,184.5,144.0,9.88,15.0,1.5,14.0,7.0,98.8,1000000.0,148.2,148.2,148.2,1,2519.4
NLG,NLG Insurance Company Limited,Insurance,562.0,574.9,-12.9,-2.24,24010,20408,976.2,547.6,31.22,18.0,2.2,13.0,4.0,255.45,2698724000.0,547.6,580.9,547.6,111,13424744.0
NLIC,Nepal Life Insurance Company Limited,Insurance,761.0,760.0,1.0,0.13,21876,18594,890.0,702.0,42.28,18.0,2.2,13.0,4.0,345.91,3329527200.0,774.9,774.9,755.0,236,16598745.0
NLICL,National Life Insurance Company Limited,Insurance,577.7,576.0,1.7,0.3,4887,4153,691.0,539.0,32.09,18.0,2.2,13.0,4.0,262.59,564643980.0000001,572.2,580.0,571.3,50,2806515.3
NMB,NMB Bank Limited,Commercial Bank,242.3,240.9,1.4,0.58,23523,19994,283.0,231.2,16.15,15.0,1.5,14.0,7.0,161.53,1139924580.0,243.9,243.9,238.6,117,5655364.4
NMB50,NMB 50,Others,10.32,10.31,0.01,0.1,600,510,11.93,9.75,0.57,18.0,1.5,10.0,2.5,6.88,1238400.0,10.31,10.32,10.31,2,6187.0
NMBHF2,NMB Hybrid Fund L-II,Others,9.52,9.36,0.16,1.71,4420,3757,10.2,8.16,0.53,18.0,1.5,10.0,2.5,6.35,8415680.0,9.35,9.52,9.23,21,41851.6
NMBMF,NMB Laghubitta Bittiya Sanstha Limited,Microfinance,639.5,633.0,6.5,1.03,2593,2204,835.0,596.0,35.53,18.0,2.5,16.0,3.0,255.8,331644700.0,633.0,639.5,633.0,10,1645329.1
NMFBS,National Laghubitta Bittiya Sanstha Limited,Microfinance,1090.0,1092.0,-2.0,-0.18,4323,3674,1504.0,1051.9,60.56,18.0,2.5,16.0,3.0,436.0,942414000.0,1092.0,1104.0,1085.0,50,4715984.1
NMIC,Nepal Micro Insurance Company Limited,Insurance,991.0,993.7,-2.7,-0.27,2623,2229,2703.3,970.0,55.06,18.0,2.2,13.0,4.0,450.45,519878600.0,999.0,1000.0,974.2,105,2589613.6
NMLBBL,Nerude Mirmire Laghubitta Bittiya Sanstha Limited,Microfinance,609.0,602.4,6.6,1.1,3430,2915,807.0,600.0,33.83,18.0,2.5,16.0,3.0,243.6,417774000.0,608.9,609.0,602.3,53,2076679.9
NRIC,Nepal Reinsurance Company Limited,Insurance,886.0,877.0,9.0,1.03,26830,22805,1842.0,865.0,49.22,18.0,2.2,13.0,4.0,402.73,4754276000.0,875.0,889.0,872.0,243,23629604.9
NRM,Nepal Republic Media Limited,Others,390.1,397.9,-7.8,-1.96,15573,13237,590.0,389.2,21.67,18.0,1.5,10.0,2.5,260.07,1215005460.0000002,395.0,395.0,389.2,114,6093535.8
NRN,NRN Infrastructure and Development Limited,Others,1362.8,1398.0,-35.2,-2.52,130321,110772,2444.0,1327.0,75.71,18.0,1.5,10.0,2.5,908.53,35520291760.0,1370.1,1390.5,1335.9,856,176833369.5
NSIF2,NMB Sulav Investment Fund - II,Others,10.71,10.99,-0.28,-2.55,2100,1785,11.93,9.75,0.6,18.0,1.5,10.0,2.5,7.14,4498200.0,10.7,10.71,10.7,8,22479.0
NSY,Nepal Life Samriddhi Lagani Yojana,Others,9.73,9.5,0.23,2.42,6850,5822,10.19,9.06,0.54,18.0,1.5,10.0,2.5,6.49,13330100.0,9.26,9.73,9.26,49,64774.0
NTC,Nepal Doorsanchar Company Limited,Others,880.0,875.0,5.0,0.57,7572,6436,942.5,762.5,48.89,18.0,1.5,10.0,2.5,586.67,1332672000.0,875.2,883.0,870.4,144,6635560.6
NUBL,Nirdhan Utthan Laghubitta Bittiya Sanstha Limited,Microfinance,673.0,673.0,0.0,0.0,2843,2416,854.4,654.1,37.39,18.0,2.5,16.0,3.0,269.2,382667800.0,673.0,679.0,670.5,31,1920492.5
NWCL,Nepal Warehousing Company Limited,Others,784.0,784.1,-0.1,-0.01,1990,1691,1045.0,740.2,43.56,18.0,1.5,10.0,2.5,522.67,312032000.0,781.0,795.0,780.0,40,1568214.0
NYADI,Nyadi Hydropower  Limited,Hydropower,385.0,385.0,0.0,0.0,1205,1024,510.0,354.0,17.5,22.0,2.0,10.0,3.0,192.5,92785000.0,370.0,389.0,370.0,38,461971.0
OHL,Oriental Hotel Limited,Hotel & Tourism,696.0,687.0,9.0,1.31,55,46,1049.5,633.1,27.84,25.0,1.8,8.0,2.0,386.67,7656000.0,699.9,699.9,696.0,3,38344.0
OMPL,Om Megashree Pharmaceuticals Limited,Manufacturing,1140.0,1130.0,10.0,0.88,2229,1894,2167.2,359.0,57.0,20.0,1.6,10.0,3.0,712.5,508212000.0,1120.1,1150.0,1120.1,78,2524588.8
PCBL,Prime Commercial Bank Limited,Commercial Bank,238.5,237.9,0.6,0.25,26903,22867,290.0,226.0,15.9,15.0,1.5,14.0,7.0,159.0,1283273100.0,238.8,238.8,236.1,107,6388794.4
PCIL,Palpa Cements Industries Limited,Manufacturing,869.9,876.0,-6.1,-0.7,40050,34042,1280.0,300.0,43.49,20.0,1.6,10.0,3.0,543.69,6967899000.0,860.1,890.0,860.0,2501,34779181.9
PFL,Pokhara Finance Limited,Finance,373.0,377.0,-4.0,-1.06,5148,4375,475.5,352.8,31.08,12.0,1.2,11.0,5.0,310.83,384040800.0,375.5,377.0,373.0,35,1930035.6
PHCL,Peoples Hydropower Company Limited,Hydropower,301.0,296.8,4.2,1.42,34824,29600,649.0,249.7,13.68,22.0,2.0,10.0,3.0,150.5,2096404800.0,297.0,301.0,295.0,190,10427710.3
PMHPL,Panchakanya Mai Hydropower Limited,Hydropower,336.8,335.0,1.8,0.54,5838,4962,468.0,283.5,15.31,22.0,2.0,10.0,3.0,168.4,393247680.0,331.0,337.0,330.0,46,1943279.5
PMLI,Prabhu Mahalaxmi Life Insurance Company Limited,Insurance,463.0,460.1,2.9,0.63,6176,5249,589.6,445.0,25.72,18.0,2.2,13.0,4.0,210.45,571897600.0,455.5,473.0,455.3,120,2865263.2
PPCL,Panchthar Power Company Limited,Hydropower,372.8,369.0,3.8,1.03,4531,3851,462.0,284.1,16.95,22.0,2.0,10.0,3.0,186.4,337831360.0,370.0,373.6,365.0,63,1668639.1
PPL,People's Power Limited,Hydropower,341.0,344.0,-3.0,-0.87,16838,14312,530.0,263.2,15.5,22.0,2.0,10.0,3.0,170.5,1148351600.0,327.0,350.0,327.0,112,5738606.1
PRIN,Prabhu Insurance Company Limited,Insurance,634.9,633.7,1.2,0.19,5341,4539,960.3,630.0,35.27,18.0,2.2,13.0,4.0,288.59,678200180.0,635.0,635.0,630.0,58,3380584.8
PROFL,Progressive Finance Limited,Finance,435.0,440.0,-5.0,-1.14,4203,3572,589.2,421.4,36.25,12.0,1.2,11.0,5.0,362.5,365661000.0,436.0,437.0,430.0,47,1820067.3
PRSF,Prabhu Smart Fund,Others,12.94,12.9,0.04,0.31,80979,68832,13.61,9.85,0.72,18.0,1.5,10.0,2.5,8.63,209573652.0,12.94,12.94,12.6,24,1032027.39
PRVU,Prabhu Bank Limited,Commercial Bank,196.0,193.8,2.2,1.14,95677,81325,250.9,179.9,13.07,15.0,1.5,14.0,7.0,130.67,3750538400.0,190.0,196.0,190.0,348,18652716.0
PSF,Prabhu Select Fund,Others,12.01,12.28,-0.27,-2.2,5950,5057,13.0,9.91,0.67,18.0,1.5,10.0,2.5,8.01,14291900.0,12.28,12.3,12.0,15,71990.5
PURE,Pure Energy Limited,Hydropower,927.6,889.9,37.7,4.24,19261,16371,1327.9,289.3,42.16,22.0,2.0,10.0,3.0,463.8,3573300720.0000005,890.0,942.0,890.0,280,17760633.1
RADHI,Radhi Bidyut Company Limited,Others,747.0,735.9,11.1,1.51,22944,19502,940.0,618.8,41.5,18.0,1.5,10.0,2.5,498.0,3427833600.0,737.0,747.9,733.2,137,16977199.4
RAWA,Rawa Energy Development Ltd.,Hydropower,587.0,587.0,0.0,0.0,691,587,888.0,555.0,26.68,22.0,2.0,10.0,3.0,293.5,81123400.0,616.3,616.3,555.0,20,398498.0
RBBD2088,7% RBBL Debenture 2088,Others,1058.0,1123.5,-65.5,-5.83,2,1,1123.5,967.6,58.78,18.0,1.5,10.0,2.5,705.33,1000000.0,1123.5,1123.5,1123.5,2,2147.8
RBBF40,RBB Focus 40,Others,9.55,9.77,-0.22,-2.25,900,765,10.2,8.98,0.53,18.0,1.5,10.0,2.5,6.37,1719000.0,9.5,9.55,9.5,9,8569.0
RBCL,Rastriya Beema Company Limited,Others,14750.0,15000.0,-250.0,-1.67,60,51,16900.0,14350.0,819.44,18.0,1.5,10.0,2.5,9833.33,177000000.0,14777.2,14777.2,14750.0,4,885896.0
RBCLPO,Rastriya Beema Company Limited Promoter Share,Others,11550.0,11740.0,-190.0,-1.62,10,8,13530.0,11100.0,641.67,18.0,1.5,10.0,2.5,7700.0,23100000.0,11550.0,11550.0,11550.0,1,115500.0
RFPL,River Falls Power Limited,Hydropower,368.0,369.0,-1.0,-0.27,14253,12115,785.0,306.0,16.73,22.0,2.0,10.0,3.0,184.0,1049020800.0,350.6,375.0,350.6,98,5256731.6
RHGCL,Rapti Hydro & General Construction Limited,Hydropower,291.0,293.0,-2.0,-0.68,21659,18410,601.0,217.2,13.23,22.0,2.0,10.0,3.0,145.5,1260553800.0,293.0,294.0,285.1,115,6261783.5
RHPL,Rasuwagadhi Hydropower Company Limited,Hydropower,274.0,275.5,-1.5,-0.54,10507,8930,457.0,252.3,12.45,22.0,2.0,10.0,3.0,137.0,575783600.0,275.0,278.0,272.4,100,2872633.4
RIDI,Ridi Power Company Limited,Hydropower,337.9,336.9,1.0,0.3,239230,203345,393.0,203.5,15.36,22.0,2.0,10.0,3.0,168.95,16167163400.0,336.1,342.8,330.0,495,80616434.8
RLEL,Ridge Line Energy Limited,Hydropower,1160.0,1175.0,-15.0,-1.28,20584,17496,1592.3,300.0,52.73,22.0,2.0,10.0,3.0,580.0,4775488000.0,1175.0,1175.0,1130.1,647,23714134.7
RLFL,Reliance Finance Limited,Finance,428.8,425.5,3.3,0.78,8724,7415,558.0,398.0,35.73,12.0,1.2,11.0,5.0,357.33,748170240.0,425.0,428.8,423.0,52,3711352.4
RMF1,RBB Mutual Fund 1,Others,9.8,9.88,-0.08,-0.81,2400,2040,11.4,8.65,0.54,18.0,1.5,10.0,2.5,6.53,4704000.0,9.7,9.8,9.6,6,23390.0
RMF2,RBB Mutual Fund 2,Others,10.2,10.2,0.0,0.0,2200,1870,10.71,8.78,0.57,18.0,1.5,10.0,2.5,6.8,4488000.0,10.02,10.2,10.02,4,22404.0
RNLI,Reliable Nepal Life Insurance Limited,Insurance,459.9,458.0,1.9,0.41,10239,8703,545.0,416.0,25.55,18.0,2.2,13.0,4.0,209.05,941783219.9999999,457.0,461.0,457.0,194,4694053.9
RSDC,RSDC Laghubitta Bittiya Sanstha Limited,Microfinance,657.6,652.0,5.6,0.86,6834,5808,880.0,578.7,36.53,18.0,2.5,16.0,3.0,263.04,898807680.0000001,645.1,661.0,645.1,54,4469721.7
RSML,Reliance Spinning Mills Limited,Others,3693.0,3689.0,4.0,0.11,38611,32819,5049.0,300.0,205.17,18.0,1.5,10.0,2.5,2462.0,28518084600.0,3690.0,3724.0,3636.1,674,141584207.0
RSY,Reliable Samriddhi Yojana,Others,10.13,10.19,-0.06,-0.59,11600,9860,10.7,8.58,0.56,18.0,1.5,10.0,2.5,6.75,23501600.000000004,9.89,10.3,9.89,22,117996.19
RURU,Ru Ru Jalbidhyut Pariyojana Limited,Others,649.5,642.9,6.6,1.03,1651,1403,853.0,631.0,36.08,18.0,1.5,10.0,2.5,433.0,214464900.0,642.0,655.0,638.4,38,1068950.0
SABBL,Salapa Bikas Bank Limited,Development Bank,1203.0,1197.9,5.1,0.43,10889,9255,2000.0,300.0,92.54,13.0,1.3,12.0,6.0,925.38,2619893400.0,1163.0,1210.5,1163.0,404,12955521.0
SADBL,Shangrila Development Bank Limited,Development Bank,411.0,408.6,2.4,0.59,18472,15701,526.5,376.0,31.62,13.0,1.3,12.0,6.0,316.15,1518398400.0,407.1,414.8,407.1,87,7553196.3
SAGAR,Sagar Distillery Limited,Manufacturing,1697.0,1670.0,27.0,1.62,10018,8515,2439.0,319.5,84.85,20.0,1.6,10.0,3.0,1060.62,3400109200.0,1670.0,1700.0,1662.1,151,16846195.7
SAGF,Sanima Growth Fund,Others,10.1,10.0,0.1,1.0,2200,1870,11.31,8.79,0.56,18.0,1.5,10.0,2.5,6.73,4444000.0,9.92,10.15,9.92,10,22101.75
SAHAS,Sahas Urja Limited,Others,616.5,615.0,1.5,0.24,34177,29050,705.0,507.8,34.25,18.0,1.5,10.0,2.5,411.0,4214024100.0,615.0,618.0,614.0,334,21070157.8
SAIL,Shreenagar Agritech Industries Limited,Others,1118.0,1119.0,-1.0,-0.09,23086,19623,1690.0,301.7,62.11,18.0,1.5,10.0,2.5,745.33,5162029600.0,1113.2,1136.0,1106.0,373,25765096.5
SALICO,Sagarmatha Lumbini Insurance Company Limited,Insurance,583.0,585.1,-2.1,-0.36,2006,1705,765.9,570.1,32.39,18.0,2.2,13.0,4.0,265.0,233899600.0,585.0,587.5,582.1,30,1169947.0
SANIMA,Sanima Bank Limited,Commercial Bank,356.6,355.0,1.6,0.45,34947,29704,391.0,295.0,23.77,15.0,1.5,14.0,7.0,237.73,2492420040.0,338.0,360.0,338.0,195,12442078.8
SANVI,Sanvi Energy Limited,Hydropower,669.0,661.0,8.0,1.21,6917,5879,1060.0,359.0,30.41,22.0,2.0,10.0,3.0,334.5,925494600.0,694.0,694.0,660.0,143,4629809.0
SAPDBL,Saptakoshi Development Bank Limited,Development Bank,777.0,780.1,-3.1,-0.4,8347,7094,1284.0,686.0,59.77,13.0,1.3,12.0,6.0,597.69,1297123800.0,781.0,789.6,775.0,136,6526718.4
SARBTM,Sarbottam Cement Limited,Manufacturing,830.0,829.9,0.1,0.01,4896,4161,1048.0,810.0,41.5,20.0,1.6,10.0,3.0,518.75,812736000.0,838.8,838.8,820.0,75,4050069.7
SBCF,Sunrise Bluechip Fund,Others,9.8,9.75,0.05,0.51,17010,14458,12.03,8.82,0.54,18.0,1.5,10.0,2.5,6.53,33339600.0,9.75,9.85,9.75,15,166012.5
SBI,Nepal SBI Bank Limited,Commercial Bank,397.7,395.0,2.7,0.68,17681,15028,452.0,363.0,26.51,15.0,1.5,14.0,7.0,265.13,1406346740.0,397.9,400.0,392.0,44,6997926.6
SBL,Siddhartha Bank Limited,Commercial Bank,392.5,392.0,0.5,0.13,49946,42454,424.0,261.0,26.17,15.0,1.5,14.0,7.0,261.67,3920761000.0,373.0,393.0,373.0,122,19487706.3
SBLD2091,7.25% SBL Debenture 2091,Others,1065.0,1074.9,-9.9,-0.92,75,63,1150.0,825.35,59.17,18.0,1.5,10.0,2.5,710.0,15975000.0,1066.0,1066.0,1065.0,4,79889.0
SBLD89,10.75 % SBL Debenture 2089,Others,1250.0,1250.0,0.0,0.0,25,21,1450.0,1205.0,69.44,18.0,1.5,10.0,2.5,833.33,6250000.0,1250.0,1250.0,1250.0,1,31250.0
SCB,Standard Chartered Bank Nepal Limited,Commercial Bank,642.0,640.9,1.1,0.17,2840,2414,712.6,594.9,42.8,15.0,1.5,14.0,7.0,428.0,364656000.0,636.1,644.6,636.1,66,1820143.1
SEF,Siddhartha Equity Fund,Others,9.9,10.0,-0.1,-1.0,4000,3400,11.53,8.6,0.55,18.0,1.5,10.0,2.5,6.6,7920000.0,9.9,10.05,9.9,4,39745.0
SFCL,Samriddhi Finance Company Limited (former World Merchant Banking),Commercial Bank,377.7,379.0,-1.3,-0.34,6126,5207,565.0,359.4,25.18,15.0,1.5,14.0,7.0,251.8,462758039.99999994,377.0,378.0,373.0,35,2300010.7
SFEF,Sunrise Focused Equity Fund,Others,9.99,9.85,0.14,1.42,55300,47005,11.12,8.82,0.56,18.0,1.5,10.0,2.5,6.66,110489400.0,9.76,10.05,9.76,5,552418.0
SFMF,Sunrise First Mutual Fund,Others,10.31,10.4,-0.09,-0.87,2500,2125,11.74,9.4,0.57,18.0,1.5,10.0,2.5,6.87,5155000.0,10.31,10.31,10.31,1,25775.0
SGHC,Swet-Ganga Hydropower & Construction Limited,Hydropower,361.0,356.1,4.9,1.38,14957,12713,519.0,296.0,16.41,22.0,2.0,10.0,3.0,180.5,1079895400.0,354.0,369.0,350.0,158,5291381.3
SGIC,Sanima GIC Insurance Limited,Insurance,459.0,454.0,5.0,1.1,9901,8415,632.0,439.0,25.5,18.0,2.2,13.0,4.0,208.64,908911800.0,445.0,461.9,445.0,82,4533044.4
SHEL,Singati Hydro Energy Limited,Hydropower,304.2,304.5,-0.3,-0.1,43524,36995,361.0,260.1,13.83,22.0,2.0,10.0,3.0,152.1,2648000160.0,300.1,306.0,300.1,249,13246441.8
SHINE,Shine Resunga Development Bank Limited,Development Bank,407.8,406.0,1.8,0.44,5545,4713,499.0,382.0,31.37,13.0,1.3,12.0,6.0,313.69,452250200.0,401.1,407.8,401.1,37,2242911.0
SHIVM,Shivam Cements Limited,Manufacturing,666.9,662.0,4.9,0.74,60189,51160,730.0,495.0,33.34,20.0,1.6,10.0,3.0,416.81,8028008820.0,662.0,669.8,662.0,409,40042628.8
SHL,Soaltee Hotel Limited,Hotel & Tourism,496.9,495.9,1.0,0.2,9486,8063,619.0,464.0,19.88,25.0,1.8,8.0,2.0,276.06,942718679.9999999,503.0,503.0,490.0,51,4698806.1
SHLB,Shrijanshil Laghubitta Bittiya Sanstha Limited,Microfinance,1482.0,1421.0,61.0,4.29,240,204,2172.0,1415.0,82.33,18.0,2.5,16.0,3.0,592.8,71136000.0,1425.0,1497.0,1418.0,14,350708.0
SHPC,Sanima Mai Hydropower Limited,Hydropower,514.0,510.0,4.0,0.78,27649,23501,684.9,475.0,23.36,22.0,2.0,10.0,3.0,257.0,2842317200.0,515.0,515.0,508.5,107,14167960.5
SICL,Shikhar Insurance Company Limited,Insurance,609.1,612.0,-2.9,-0.47,5675,4823,828.0,588.8,33.84,18.0,2.2,13.0,4.0,276.86,691328500.0,612.0,612.0,608.2,59,3463016.5
SIFC,Shree Investment Finance Company Limited,Finance,517.4,520.0,-2.6,-0.5,3669,3118,687.4,459.0,43.12,12.0,1.2,11.0,5.0,431.17,379668120.0,520.0,523.0,517.1,32,1905513.1
SIGS2,Siddhartha Investment Growth Scheme-2,Others,10.34,10.35,-0.01,-0.1,47350,40247,11.7,8.9,0.57,18.0,1.5,10.0,2.5,6.89,97919800.0,10.35,10.35,10.3,5,489832.5
SIGS3,Siddhartha Investment Growth Scheme 3,Others,10.62,10.9,-0.28,-2.57,300,255,11.46,8.5,0.59,18.0,1.5,10.0,2.5,7.08,1000000.0,10.58,10.62,10.58,3,3181.0
SIKLES,Sikles Hydropower Limited,Hydropower,573.5,573.0,0.5,0.09,5490,4666,1177.0,540.0,26.07,22.0,2.0,10.0,3.0,286.75,629703000.0,572.0,574.5,570.0,64,3134045.6
SINDU,Sindhu Bikas Bank Limited,Development Bank,697.0,706.0,-9.0,-1.27,13182,11204,975.0,608.0,53.62,13.0,1.3,12.0,6.0,536.15,1837570800.0,692.1,710.0,692.1,159,9234887.3
SIPD,Shikhar Power Development Limited,Hydropower,832.0,865.0,-33.0,-3.82,20929,17789,1216.8,284.3,37.82,22.0,2.0,10.0,3.0,416.0,3482585600.0,865.0,889.0,830.4,1280,17539363.8
SJCL,Sanjen Jalavidhyut Company Limited,Others,295.8,294.9,0.9,0.31,14615,12422,365.0,267.0,16.43,18.0,1.5,10.0,2.5,197.2,864623400.0,303.0,303.0,289.1,88,4250410.9
SJLIC,SuryaJyoti Life Insurance Company Limited,Insurance,428.0,426.0,2.0,0.47,3469,2948,489.9,390.0,23.78,18.0,2.2,13.0,4.0,194.55,296946400.0,432.0,432.0,423.1,93,1481765.5
SKBBL,Sana Kisan Bikas Laghubitta Bittiya Sanstha Limited,Microfinance,762.8,762.0,0.8,0.1,12217,10384,999.0,750.0,42.38,18.0,2.5,16.0,3.0,305.12,1863825520.0,762.1,763.0,750.1,124,9257005.6
SKHEL,Suryakunda Hydro Electric Limited,Hydropower,1290.0,1299.0,-9.0,-0.69,13992,11893,2069.4,284.3,58.64,22.0,2.0,10.0,3.0,645.0,3609936000.0,1234.1,1369.0,1234.1,436,17837690.1
SKHL,Super Khudi Hydropower Limited,Hydropower,917.0,903.0,14.0,1.55,27662,23512,1360.0,300.0,41.68,22.0,2.0,10.0,3.0,458.5,5073210800.0,900.0,920.0,880.0,647,24960554.5
SLBBL,Swarojgar Laghubitta Bittiya Sanstha Limited,Microfinance,817.0,818.9,-1.9,-0.23,5988,5089,1155.0,799.9,45.39,18.0,2.5,16.0,3.0,326.8,978439200.0,815.0,822.9,815.0,65,4901163.4
SLBSL,Samudayik Laghubitta Bittiya Sanstha Limited,Microfinance,1198.0,1190.0,8.0,0.67,528,448,1694.9,1170.0,66.56,18.0,2.5,16.0,3.0,479.2,126508800.0,1190.0,1198.0,1170.0,16,618641.5
SLCF,Sanima Large Cap Fund,Others,9.62,9.88,-0.26,-2.63,1700,1445,11.99,8.6,0.53,18.0,1.5,10.0,2.5,6.41,3270799.9999999995,9.59,9.62,9.59,5,16351.0
SMATA,Samata Gharelu Laghubitta Bittiya Sanstha Limited,Microfinance,761.0,762.0,-1.0,-0.13,3978,3381,1382.0,734.1,42.28,18.0,2.5,16.0,3.0,304.4,605451600.0,760.0,767.0,750.0,85,3005009.4
SMB,Support Laghubitta Bittiya Sanstha Limited,Microfinance,1725.2,1750.0,-24.8,-1.42,710,603,2600.0,1699.0,95.84,18.0,2.5,16.0,3.0,690.08,244978400.0,1700.0,1735.0,1700.0,39,1225237.7
SMFBS,Swabhimaan Laghubitta Bittiya Sanstha Limited,Microfinance,1639.0,1595.0,44.0,2.76,45,38,2026.0,1490.0,91.06,18.0,2.5,16.0,3.0,655.6,14751000.0,1565.0,1639.0,1565.0,5,70935.1
SMH,Supermai Hydropower  Limited,Hydropower,568.0,566.0,2.0,0.35,2875,2443,1024.8,541.0,25.82,22.0,2.0,10.0,3.0,284.0,326600000.0,573.0,573.0,562.1,46,1620046.6
SMHL,Super Madi Hydropower Limited,Hydropower,494.9,497.0,-2.1,-0.42,12771,10855,1230.0,443.0,22.5,22.0,2.0,10.0,3.0,247.45,1264073580.0,496.0,499.9,490.0,142,6306514.7
SMJC,Sagarmatha Jalbidhyut Company Limited,Others,435.0,437.5,-2.5,-0.57,5839,4963,679.3,430.0,24.17,18.0,1.5,10.0,2.5,290.0,507993000.0,443.0,443.9,431.0,87,2535288.3
SMPDA,Sampada Laghubitta Bittiya Sanstha Limited,Microfinance,840.0,836.8,3.2,0.38,388,329,1155.0,821.0,46.67,18.0,2.5,16.0,3.0,336.0,65184000.0,829.1,843.0,829.0,20,323390.6
SNLI,Sun Nepal Life Insurance Company Limited,Insurance,448.0,446.0,2.0,0.45,7046,5989,538.0,411.6,24.89,18.0,2.2,13.0,4.0,203.64,631321600.0,445.0,449.9,445.0,212,3153075.5
SOHL,Solu Hydropower Limited,Hydropower,709.9,711.0,-1.1,-0.15,121069,102908,875.5,300.0,32.27,22.0,2.0,10.0,3.0,354.95,17189376620.0,744.0,744.0,695.2,2237,85991833.8
SONA,Sonapur Minerals and Oil Limited,Others,433.0,430.0,3.0,0.7,9357,7953,523.3,398.0,24.06,18.0,1.5,10.0,2.5,288.67,810316200.0,426.3,433.9,426.3,178,4035147.9
SPC,Samling Power Company Limited,Hydropower,455.0,456.9,-1.9,-0.42,4273,3632,591.0,441.0,20.68,22.0,2.0,10.0,3.0,227.5,388843000.0,455.0,460.0,452.0,48,1940729.5
SPDL,Synergy Power Development Limited,Hydropower,395.9,394.0,1.9,0.48,19480,16558,474.0,346.0,18.0,22.0,2.0,10.0,3.0,197.95,1542426400.0,397.2,397.2,391.0,80,7659514.5
SPHL,Sayapatri Hydropower Limited,Hydropower,505.5,504.0,1.5,0.3,1933,1643,736.0,477.1,22.98,22.0,2.0,10.0,3.0,252.75,195426300.0,519.1,519.1,504.0,17,981279.7
SPIL,Siddhartha Premier Insurance Limited,Insurance,695.0,703.0,-8.0,-1.14,2591,2202,894.5,625.0,38.61,18.0,2.2,13.0,4.0,315.91,360149000.0,724.0,724.0,695.0,18,1819571.0
SPL,Shuvam Power Limited,Hydropower,697.0,696.0,1.0,0.14,2832,2407,1035.0,670.4,31.68,22.0,2.0,10.0,3.0,348.5,394780800.0,696.0,700.0,680.0,28,1972221.0
SRLI,Sanima Reliance Life Insurance Limited,Insurance,387.0,388.0,-1.0,-0.26,14020,11917,451.1,363.9,21.5,18.0,2.2,13.0,4.0,175.91,1085148000.0,385.1,390.0,385.1,151,5417848.9
SSHL,Shiva Shree Hydropower Limited,Hydropower,210.9,211.0,-0.1,-0.05,50738,43127,313.8,151.0,9.59,22.0,2.0,10.0,3.0,105.45,2140128840.0000002,214.0,214.0,208.6,271,10652983.9
STC,Salt Trading Corporation Limited,Trading,5750.0,5779.0,-29.0,-0.5,202,171,6335.9,4832.0,359.38,16.0,1.4,10.0,3.0,4107.14,232300000.0,5670.2,5750.0,5670.2,8,1150116.0
SWASTIK,Swastik Laghubitta Bittiya Sanstha Limited,Microfinance,2435.3,2460.0,-24.7,-1.0,180,153,3400.0,391.7,135.29,18.0,2.5,16.0,3.0,974.12,87670800.00000001,2449.0,2450.0,2431.0,16,439526.0
SWBBL,Swabalamban Laghubitta Bittiya Sanstha Limited,Microfinance,810.0,722.0,88.0,12.19,3932,3342,1046.5,711.0,45.0,18.0,2.5,16.0,3.0,324.0,636984000.0,722.0,810.0,720.0,47,2906753.2
SWMF,Suryodaya Womi Laghubitta Bittiya Sanstha Limited,Microfinance,656.0,653.2,2.8,0.43,2370,2014,868.1,641.1,36.44,18.0,2.5,16.0,3.0,262.4,310944000.0,663.5,663.5,646.0,32,1560002.1
SYPNL,SY Panel Nepal Limited,Others,1401.0,1404.0,-3.0,-0.21,25074,21312,2255.9,319.8,77.83,18.0,1.5,10.0,2.5,934.0,7025734800.0,1333.8,1439.0,1333.8,594,35272804.7
TAMOR,Sanima Middle Tamor Hydropower Limited,Hydropower,427.0,431.0,-4.0,-0.93,33787,28718,576.0,396.4,19.41,22.0,2.0,10.0,3.0,213.5,2885409800.0,430.1,433.0,427.0,210,14484381.6
TPC,Terhathum Power Company Limited,Hydropower,361.3,365.0,-3.7,-1.01,14781,12563,616.0,270.1,16.42,22.0,2.0,10.0,3.0,180.65,1068075060.0,367.0,367.0,360.3,94,5341713.8
TRH,Taragaon Regency Hotel Limited,Hotel & Tourism,762.0,762.0,0.0,0.0,1036,880,1086.3,681.1,30.48,25.0,1.8,8.0,2.0,423.33,157886400.0,740.0,762.0,740.0,15,785824.0
TSHL,Three Star Hydropower Limited,Hydropower,599.0,600.0,-1.0,-0.17,2066,1756,989.0,594.8,27.23,22.0,2.0,10.0,3.0,299.5,247506800.0,600.0,601.0,595.0,29,1237374.0
TTL,Trade Tower Limited,Others,789.0,780.0,9.0,1.15,11007,9355,1262.8,366.1,43.83,18.0,1.5,10.0,2.5,526.0,1736904600.0,775.0,790.0,773.3,235,8608002.8
TVCL,Trishuli Jal Vidhyut Company Limited,Others,510.0,491.1,18.9,3.85,9769,8303,689.0,377.6,28.33,18.0,1.5,10.0,2.5,340.0,996438000.0,476.4,512.0,476.4,69,4918994.5
UAIL,United Ajod Insurance Limited,Insurance,437.0,438.0,-1.0,-0.23,2538,2157,644.4,422.1,24.28,18.0,2.2,13.0,4.0,198.64,221821200.0,438.0,439.0,433.5,36,1103446.3
UHEWA,Upper Hewakhola Hydropower Company Limited,Hydropower,565.0,567.0,-2.0,-0.35,1054,895,669.0,508.5,25.68,22.0,2.0,10.0,3.0,282.5,119102000.0,570.0,570.0,560.0,33,594194.9
ULBSL,Upakar Laghubitta Bittiya Sanstha Limited,Microfinance,2900.0,2925.0,-25.0,-0.85,979,832,4325.0,2826.0,161.11,18.0,2.5,16.0,3.0,1160.0,567820000.0,2925.0,2925.2,2840.0,31,2800278.9
ULHC,Upper Lohore Khola Hydropower Company Limited,Hydropower,518.0,570.0,-52.0,-9.12,41031,34876,599.0,411.7,23.55,22.0,2.0,10.0,3.0,259.0,4250811600.0,541.5,541.5,499.7,263,20863310.8
UMHL,United Modi Hydropower Limited,Hydropower,564.9,563.9,1.0,0.18,15404,13093,706.0,495.0,25.68,22.0,2.0,10.0,3.0,282.45,1740343920.0,570.0,570.0,556.0,95,8621497.0
UMRH,United Idi-Mardi and R.B. Hydropower Limited,Hydropower,526.0,530.0,-4.0,-0.75,3371,2865,675.0,512.0,23.91,22.0,2.0,10.0,3.0,263.0,354629200.0,522.0,535.0,522.0,32,1774251.2
UNHPL,Union Hydropower Limited,Hydropower,474.8,470.0,4.8,1.02,12131,10311,571.0,314.4,21.58,22.0,2.0,10.0,3.0,237.4,1151959760.0,475.0,475.0,467.0,64,5719178.8
UNL,Unilever Nepal Limited,Others,46800.0,46450.0,350.0,0.75,20,17,50724.0,45000.0,2600.0,18.0,1.5,10.0,2.5,31200.0,187200000.0,46550.0,46800.0,46550.0,2,933500.0
UNLB,Unique Nepal Laghubitta Bittiya Sanstha Limited,Microfinance,1455.0,1443.0,12.0,0.83,157,133,2480.0,1371.0,80.83,18.0,2.5,16.0,3.0,582.0,45687000.0,1401.0,1469.9,1401.0,13,226759.0
UPCL,Universal Power Company Limited,Hydropower,365.5,369.0,-3.5,-0.95,24216,20583,489.0,343.1,16.61,22.0,2.0,10.0,3.0,182.75,1770189600.0,369.0,370.0,362.0,127,8862125.7
UPPER,Upper Tamakoshi Hydropower Limited,Hydropower,202.5,202.9,-0.4,-0.2,89557,76123,242.6,166.0,9.2,22.0,2.0,10.0,3.0,101.25,3627058500.0,203.0,204.8,200.0,400,18151685.1
USHEC,Upper Solu Hydro Electric Company Limited,Hydropower,488.0,485.0,3.0,0.62,3071,2610,580.2,410.0,22.18,22.0,2.0,10.0,3.0,244.0,299729600.0,485.0,488.0,483.0,47,1491023.5
USHL,Upper Syange Hydropower Limited,Hydropower,639.0,647.0,-8.0,-1.24,1430,1215,945.0,588.0,29.05,22.0,2.0,10.0,3.0,319.5,182754000.0,660.0,660.0,613.2,32,897178.9
USLB,Unnati Sahakarya Laghubitta Bittiya Sanstha Limited,Microfinance,1262.0,1252.0,10.0,0.8,819,696,2750.0,1238.0,70.11,18.0,2.5,16.0,3.0,504.8,206715600.0,1240.0,1267.0,1238.0,25,1018533.0
VLBS,Vijaya Laghubitta Bittiya Sanstha Limited,Microfinance,693.0,691.2,1.8,0.26,2441,2074,1008.0,672.0,38.5,18.0,2.5,16.0,3.0,277.2,338322600.0,686.0,695.0,686.0,116,1690064.9
VLUCL,Vision Lumbini Urja Company Limited,Others,477.0,481.0,-4.0,-0.83,4021,3417,664.8,470.0,26.5,18.0,1.5,10.0,2.5,318.0,383603400.0,475.1,478.0,470.5,44,1904873.0
WNLB,Wean Nepal Laghubitta Bittiya Sanstha Limited,Microfinance,1396.0,1405.0,-9.0,-0.64,232,197,2726.0,1242.1,77.56,18.0,2.5,16.0,3.0,558.4,64774400.0,1378.1,1405.0,1378.1,13,323680.1
